SI No,TEST CODE,NAME,MRP TO SHOW,TO SCRATCH ,department,REQUIRED SAMPLE,PROCESSING TAT,,
1 ,BC0001_1 ,17 - HYDROXYPROGESTERONE (17-OHP) ,1855.00,"₹ 2,226.00",IMMUNOLOGY ,2 ml of SERUM ,48,,
2 ,LAB945 ,2HE4 (HUMAN EPIDIDYMIS PROTEIN 4) ,3340.00,"₹ 4,008.00",BIOCHEMISTRY ,2 ml of SERUM ,144,,
3 ,LAB980 ,5ALPHA-DIHYDROTESTOSTERONE ,3450.00,"₹ 4,140.00",IMMUNOLOGY ,2 ml of SERUM ,120,,
4 ,LAB0712,5-HIAA (HYDROXY INDOLE ACETIC ACID)- RANDOM URINE,5150.00,"₹ 6,180.00",BIOCHEMISTRY ,10 ml of URINE ,120,,
5 ,PBC0032 ,A G RATIO ,390.00,₹ 468.00,BIOCHEMISTRY ,2 ml of SERUM ,4,,
6 ,LAB217 ,ABSOLUTE BASOPHIL COUNT ,220.00,₹ 264.00,HEMATOLOGY ,3 ml of Whole Blood ,4,,
7 ,PHEM0035 ,ABSOLUTE LYMPHOCYTE COUNT ,220.00,₹ 264.00,HEMATOLOGY ,3 ml of Whole Blood ,4,,
8 ,LAB218 ,ABSOLUTE MONOCYTE COUNT ,220.00,₹ 264.00,HEMATOLOGY ,3 ml of Whole Blood ,4,,
9 ,PHEM0036 ,ABSOLUTE NEUTROPHIL COUNT ,220.00,₹ 264.00,HEMATOLOGY ,3 ml of Whole Blood ,4,,
10 ,BC0003 ,ACE (ANGIOTENSIN CONVERTING ENZYME) ,1330.00,"₹ 1,596.00",BIOCHEMISTRY ,2 ml of SERUM ,6,,
11 ,LAB081,ACHR (ACETYL CHOLINE RECEPTOR-ABS)-  SERUM ,6260.00,"₹ 7,512.00",BIOCHEMISTRY ,2 ml of SERUM ,168,,
12 ,PGRPB056 ,ACID FAST BACILLI (AFB)/ Z.N STAIN ,250.00,₹ 300.00,MICROBIOLOGY ,SPUTUM/URINE ,8,,
13 ,PGRPB076 ,ACID PHOSPHATASE - TOTAL & FRACTION ,870.00,"₹ 1,044.00",BIOCHEMISTRY ,2 ml of SERUM ,48,,
14 ,BC0005 ,ACID PHOSPHATASE PROSTATIC FRACTION ,590.00,₹ 708.00,BIOCHEMISTRY ,2 ml of SERUM ,48,,
15 ,BC0004 ,ACID PHOSPHATASE TOTAL ,590.00,₹ 708.00,BIOCHEMISTRY ,2 ml of SERUM ,48,,
16 ,PGRPPBC001 ,ADENOSINE DEAMINASE (ADA) ,870.00,"₹ 1,044.00",BIOCHEMISTRY ,2 ml of SERUM ,12,,
17 ,PHEM0037 ,AEC - ABSOLUTE EOSINOPHIL COUNT ,220.00,₹ 264.00,HEMATOLOGY ,3 ml of Whole Blood ,4,,
18 ,MC0001_1 ,AFB CULTURE ,2500.00,"₹ 3,000.00",MICROBIOLOGY,"CSF, Pus, Sputum, Tissues,  Bronchial Washings, Aspirated  Body Fluids, Urine",1344,,
19 ,PBC0002 ,ALANINE AMINOTRANSFERASE/ ALT (SGPT) ,150.00,₹ 180.00,BIOCHEMISTRY ,2 ml of SERUM ,4,,
20 ,MC0088,ALBERT STAIN (CORYNEBACTERIUM DIPHTHERIA  IDENTIFICATION) ,250.00,₹ 300.00,MICROBIOLOGY ,SWAB ,48,,
21 ,PBC0003 ,ALBUMIN ,150.00,₹ 180.00,BIOCHEMISTRY ,2 ml of SERUM ,4,,
22 ,LAB211 ,ALBUMIN - 24 HRS URINE ,470.00,₹ 564.00,BIOCHEMISTRY ,URINE ,6,,
23 ,PGRPB112 ,ALBUMIN CREATININE RATIO ,760.00,₹ 912.00,BIOCHEMISTRY ,URINE ,4,,
24 ,LAB220 ,ALBUMIN-BODY FLUID ,150.00,₹ 180.00,BIOCHEMISTRY ,Body Fluid ,4,,
25 ,PGRPB117 ,ALCOHOL (URINE) ,1750.00,"₹ 2,100.00",CLINICAL PATHOLOGY ,URINE ,168,,
26 ,LAB222 ,ALCOHOL/ETHANOL-SERUM ,1750.00,"₹ 2,100.00",BIOCHEMISTRY ,2 ml of SERUM ,168,,
27 ,LAB223 ,ALDOLASE-SERUM ,1545.00,"₹ 1,854.00",BIOCHEMISTRY ,2 ml of SERUM ,72,,
28 ,BC0009 ,ALDOSTERONE ,2600.00,"₹ 3,120.00",IMMUNOLOGY ,2 ml of SERUM ,168,,
29 ,PGRPB116 ,ALDOSTERONE / PLASMA RENIN DIRECT RATIO ,10045.00,"₹ 12,054.00",IMMUNOLOGY ,2 ml of SERUM ,168,,
30 ,LAB225 ,ALDOSTERONE SITTING ,2280.00,"₹ 2,736.00",IMMUNOLOGY ,2 ml of SERUM ,168,,
31 ,LAB226 ,ALDOSTERONE STANDING ,3130.00,"₹ 3,756.00",IMMUNOLOGY ,2 ml of SERUM ,168,,
32 ,PBC0004 ,ALKALINE PHOSPHATASE ,250.00,₹ 300.00,BIOCHEMISTRY ,2 ml of SERUM ,4,,
33 ,PGRP701 ,ALLERGY PHADIATOP ,1540.00,"₹ 1,848.00",SEROLOGY ,2 ml of SERUM ,120,,
34 ,BC0012 ,ALPHA 1-ANTITRYPSIN ,3025.00,"₹ 3,630.00",BIOCHEMISTRY ,2 ml of SERUM ,72,,
35 ,BC0013 ,ALPHA FETO-PROTEIN (AFP) ,1330.00,"₹ 1,596.00",IMMUNOLOGY ,2 ml of SERUM ,8,,
36 ,BC0198 ,AMH - ANTI MULLERIAN HORMONE ,3450.00,"₹ 4,140.00",IMMUNOLOGY ,2 ml of SERUM ,4,,
37 ,PBC0005 ,AMMONIA ,1330.00,"₹ 1,596.00",BIOCHEMISTRY ,Whole Blood ,4,,
38 ,LAB679 ,AMOEBIC SEROLOGY IGG ,2915.00,"₹ 3,498.00",SEROLOGY ,2ml of SERUM ,168,,
39 ,PBC0090 ,AMPHETAMINE(AMP) ,1170.00,"₹ 1,404.00",BIOCHEMISTRY ,URINE ,6,,
40 ,PGRPBC0015 ,AMYLASE ,590.00,₹ 708.00,BIOCHEMISTRY ,2 ml of SERUM ,4,,
41 ,LAB227 ,AMYLASE-BODY FLUID ,590.00,₹ 708.00,BIOCHEMISTRY ,Body Fluid ,4,,
42 ,PGRPBC02 ,ANA BY IMMUNOFLUORESCENCE  ,1970.00,"₹ 2,364.00",BIOCHEMISTRY ,2 ml of SERUM ,72,,
43 ,PGRPB037 ,ANA PROFILE ,5205.00,"₹ 6,246.00",IMMUNOLOGY ,2 ml of SERUM ,8,,
44 ,LAB981 ,ANCA - PR3 (SERIN PROTEINASE 3 ANTIBODIES) ,1960.00,"₹ 2,352.00",IMMUNOLOGY ,2 ml of SERUM ,120,,
45 ,PGRPB0075 ,ANCA (P+C ANCA) ,2335.00,"₹ 2,802.00",IMMUNOLOGY ,2 ml of SERUM ,72,,
46 ,PGRP0504 ,ANDROGEN PROFILE ,3235.00,"₹ 3,882.00",IMMUNOLOGY ,2 ml of SERUM ,8,,
47 ,LAB231 ,ANDROSTENEDIONE SERUM ,2915.00,"₹ 3,498.00",IMMUNOLOGY ,2 ml of SERUM ,120,,
48 ,PGRP201 ,ANION GAP (AGP) ,820.00,₹ 984.00,BIOCHEMISTRY ,2 ml of SERUM ,120,,
49 ,BC0016 ,ANTI THYROGLOBULIN ANTIBODIES ,1330.00,"₹ 1,596.00",IMMUNOLOGY ,2 ml of SERUM ,48,,
50 ,PGRP409,ANTI AQUAPORIN 4 (NMO) AND MYELIN  OLIGODENDROCYTE GLYCOPROTEIN (MOG)  ANTIBODY,10610.00,"₹ 12,732.00",IMMUNOLOGY,2ml of SERUM ,168,,
51 ,LAB209 ,ANTI CARDIOLIPIN ANTIBODIES - IGG ,1170.00,"₹ 1,404.00",IMMUNOLOGY ,2 ml of SERUM ,12,,
52 ,PGRPB092 ,ANTI CARDIOLIPIN ANTIBODIES - IGG AND IGM ,1855.00,"₹ 2,226.00",IMMUNOLOGY ,2 ml of SERUM ,12,,
53 ,LAB210 ,ANTI CARDIOLIPIN ANTIBODIES - IGM ,1170.00,"₹ 1,404.00",IMMUNOLOGY ,2 ml of SERUM ,12,,
54 ,SR0003 ,ANTI CCP ANTIBODIES ,3450.00,"₹ 4,140.00",IMMUNOLOGY ,2 ml of SERUM ,6,,
55 ,SR0005 ,ANTI GBM ANTIBODY ,3025.00,"₹ 3,630.00",BIOCHEMISTRY ,2 ml of SERUM ,72,,
56 ,SR0092 ,ANTI GLIADIN ANTIBODY:IGA ,2915.00,"₹ 3,498.00",IMMUNOLOGY ,2 ml of SERUM ,72,,
57 ,SR0127 ,ANTI GLIADIN ANTIBODY:IGG ,2915.00,"₹ 3,498.00",IMMUNOLOGY ,2 ml of SERUM ,72,,
58 ,PGRPB222 ,ANTI H PYLORI ANTIBODY TOTAL ,4565.00,"₹ 5,478.00",SEROLOGY ,2 ml of SERUM ,8,,
59 ,SR0128 ,HEPATITIS A VIRUS (HAV) ANTIBODY IGG ,1700.00,"₹ 2,040.00",SEROLOGY,2ml of SERUM ,12,,
60 ,LAB170 ,ANTI HBC TOTAL ,1750.00,"₹ 2,100.00",SEROLOGY,2ml of SERUM ,120,,
61 ,LAB235 ,ANTI INTRINSIC FACTOR ANTIBODY ,2915.00,"₹ 3,498.00",IMMUNOLOGY ,2 ml of SERUM ,120,,
62 ,PGRP864,ANTI NEUTROPHIL CYTOPLASMIC ANTIBODY  (INDIRECT IF) ,1960.00,"₹ 2,352.00",IMMUNOLOGY ,2 ml of SERUM ,72,,
63 ,LAB237 ,ANTI NMO ANTIBODY ,6270.00,"₹ 7,524.00",IMMUNOLOGY ,2 ml of SERUM ,72,,
64 ,LAB778 ,ANTI NMO/MOG ANTIBODY TEST ,10145.00,"₹ 12,174.00",BIOCHEMISTRY ,2 ml of SERUM ,72,,
65 ,PBC0064 ,ANTI NUCLEAR ANTIBODIES ,1170.00,"₹ 1,404.00",IMMUNOLOGY ,2 ml of SERUM ,12,,
66 ,PGRP986 ,ANTI PARIETAL CELL ANTIBODY ,3235.00,"₹ 3,882.00",IMMUNOLOGY ,2 ml of SERUM ,72,,
67 ,SR0466 ,ANTI PHOSPHOLIPID ANTIBODY IGA ,1430.00,"₹ 1,716.00",SEROLOGY ,2 ml of SERUM ,12,,
68 ,SR0130 ,"ANTI PHOSPHOLIPID ANTIBODY(APLA), IGG ",920.00,"₹ 1,104.00",SEROLOGY ,2 ml of SERUM ,12,,
69 ,SR0131 ,"ANTI PHOSPHOLIPID ANTIBODY(APLA), IGM ",920.00,"₹ 1,104.00",SEROLOGY ,2 ml of SERUM ,12,,
70 ,SR0202,ANTI SACCHAROMYCES CERVISAE (ASCA) IGG  ANTIBODY,2225.00,"₹ 2,670.00",SEROLOGY ,2 ml of SERUM ,120,,
71 ,LAB241 ,ANTI SMOOTH MUSCLE ANTIBODY (ASMA) ,3605.00,"₹ 4,326.00",IMMUNOLOGY ,2 ml of SERUM ,48,,
72 ,LAB242 ,ANTI SOLUBLE LIVER ANTIGEN; SLA ,2335.00,"₹ 2,802.00",IMMUNOLOGY ,2 ml of SERUM ,72,,
73 ,SR0465 ,ANTI SPERM ANTIBODIES ,1750.00,"₹ 2,100.00",IMMUNOLOGY ,2 ml of SERUM ,120,,
74 ,HE0005 ,ANTI THROMBIN III ,7480.00,"₹ 8,976.00",HEMATOLOGY ,2 ml of PLASMA ,96,,
75 ,PGRP070_1 ,ANTI THYROGLOBULIN-AB/ATG ,2335.00,"₹ 2,802.00",BIOCHEMISTRY ,2 ml of SERUM ,48,,
76 ,SR0012 ,ANTIBODY RUBELLA IGG ,1170.00,"₹ 1,404.00",SEROLOGY ,2 ml of SERUM ,48,,
77 ,SR0013 ,ANTIBODY RUBELLA IGM ,1170.00,"₹ 1,404.00",SEROLOGY ,2 ml of SERUM ,48,,
78 ,LAB244,ANTIBODY TO HEPATITIS B SURFACE ANTIGEN -  ANTI HBSAG,1645.00,"₹ 1,974.00",SEROLOGY ,2 ml of SERUM ,48,,
79 ,SR0180_4 ,ANTI-HERPES SIMPLEX VIRUS 2 IGG ,920.00,"₹ 1,104.00",SEROLOGY ,2 ml of SERUM ,12,,
80 ,PBC0062 ,"ANTI-STREPTOLYSIN -""O""(ASO) TITRE (ASLO) ",590.00,₹ 708.00,SEROLOGY ,2 ml of SERUM ,6,,
81 ,PGRP896 ,APLA PROFILE ,4040.00,"₹ 4,848.00",IMMUNOLOGY,2 ml of SERUM & 2 ml of  Plasma ,48,,
82 ,SR0134 ,APOLIPOPROTEIN A1 (APO-A1) ,700.00,₹ 840.00,BIOCHEMISTRY ,2 ml of SERUM ,12,,
83 ,SR0135 ,APOLIPOPROTEIN B (APO-B) ,700.00,₹ 840.00,BIOCHEMISTRY ,2 ml of SERUM ,12,,
84 ,GRPB075 ,APTT - PARTIAL THROMBOPLASTIN TIME ,470.00,₹ 564.00,HEMATOLOGY ,2 ml of PLASMA ,4,,
85 ,PGRP906 ,APTT MIXING STUDIES ,3450.00,"₹ 4,140.00",HEMATOLOGY ,2 ml of PLASMA ,12,,
86 ,PGRPB212,"ASCA (ANTI SACCHAROMYCES CEREVISIAE  ANTIBODY), IGM & IGG PANEL ",4040.00,"₹ 4,848.00",IMMUNOLOGY ,2 ml of SERUM ,120,,
87 ,LAB719 ,ASPERGILLUS ANTIBODY- IGG ,2915.00,"₹ 3,498.00",SEROLOGY ,2 ml of SERUM ,120,,
88 ,SR0999 ,ASPERGILLUS ANTIBODY IGM ,2915.00,"₹ 3,498.00",SEROLOGY ,2 ml of SERUM ,120,,
89 ,PGRPB062 ,AUTOIMMUNE HEPATITIS PROFILE ,5255.00,"₹ 6,306.00",SEROLOGY ,2 ml of SERUM/ PLASMA ,120,,
90 ,PBC0091 ,BARBITURATES(BAR) ,1080.00,"₹ 1,296.00",CLINICAL PATHOLOGY ,URINE ,6,,
91 ,PGRP0987 ,BCR-ABL BY PCR QUANTITATIVE ,12455.00,"₹ 14,946.00",Molecular Biology ,3 ml of Whole Blood ,120,,
92 ,PBC0092 ,BENZODIAZEPINE(BZD) ,2495.00,"₹ 2,994.00",CLINICAL PATHOLOGY ,URINE ,8,,
93 ,Lab487 ,BETA 2 GLYCOPROTEIN - IGA ,1960.00,"₹ 2,352.00",IMMUNOLOGY ,2 ml of SERUM ,120,,
94 ,LAB246 ,BETA 2 GLYCOPROTEIN - IGG ,1960.00,"₹ 2,352.00",IMMUNOLOGY ,2 ml of SERUM ,72,,
95 ,PGRP110 ,BETA 2 GLYCOPROTEIN PANEL ,4030.00,"₹ 4,836.00",IMMUNOLOGY ,2 ml of SERUM ,120,,
96 ,LAB208 ,BETA 2 MICROGLOBULIN IGM & IGG ,2335.00,"₹ 2,802.00",IMMUNOLOGY ,2 ml of SERUM ,12,,
97 ,PBC0063 ,BETA HCG TOTAL ,1040.00,"₹ 1,248.00",IMMUNOLOGY ,2 ml of SERUM ,6,,
98 ,LABBIO01 ,BETA-2-CROSSLAPS (CTX) ,2335.00,"₹ 2,802.00",IMMUNOLOGY ,2 ml of SERUM ,72,,
99 ,PBC0007 ,BICARBONATE(HCO3) ,415.00,₹ 498.00,BIOCHEMISTRY ,2 ml of SERUM ,6,,
100 ,LAB561 ,BILE ACIDS - SERUM ,2335.00,"₹ 2,802.00",IMMUNOLOGY ,2 ml of SERUM ,8,,
101 ,PGRPB040 ,BLEEDING TIME & CLOTTING TIME ,250.00,₹ 300.00,HEMATOLOGY,Whole Blood ,2,,
102 ,HE0046 ,BLOOD GROUP & RH TYPING ,190.00,₹ 228.00,HEMATOLOGY ,3 ml of Whole Blood ,4,,
103 ,PGRP299 ,BLOOD UREA NITROGEN (BUN) ,150.00,₹ 180.00,BIOCHEMISTRY ,2 ml of SERUM ,4,,
104 ,LAB454 ,BODY FLUID - CELL COUNT ,190.00,₹ 228.00,CLINICAL PATHOLOGY ,ANY FLUID ,4,,
105 ,PGRPB0219,BODY FLUID - CULTURE AND SENSITIVITY  (AUTOMATED) ,760.00,₹ 912.00,MICROBIOLOGY ,Body Fluid ,48,,
106 ,LAB461 ,BODY FLUID - DIFFERENTIAL COUNT ,190.00,₹ 228.00,Cytology ,ANY FLUID ,4,,
107 ,LAB462 ,BODY FLUID - SUGAR ,70.00,₹ 84.00,BIOCHEMISTRY ,Body Fluid ,4,,
108 ,PGRP025 ,BODY FLUID ANALYSIS ,760.00,₹ 912.00,BIOCHEMISTRY ,Body Fluid ,6,,
109 ,LAB0657,BONE MARROW ASPIRATE - SLIDE FOR SECOND  OPINION,1170.00,"₹ 1,404.00",HEMATOLOGY ,SMEAR ,24,,
110 ,LAB456 ,BONE MARROW BIOPSY ,5150.00,"₹ 6,180.00",HISTOPATHOLOGY ,Bone marrow tissue ,120,,
111 ,PGRP0601 ,BREAST CANCER MARKERS PANEL ,11175.00,"₹ 13,410.00",HISTOPATHOLOGY ,Paraffin Block ,72,,
112 ,LAB251 ,BRUCELLA - IGG ,1800.00,"₹ 2,160.00",SEROLOGY ,2 ml of SERUM ,120,,
113 ,PGRPB063 ,BRUCELLA - IGG & IGM ,3445.00,"₹ 4,134.00",SEROLOGY ,2 ml of SERUM ,120,,
114 ,SR0137 ,BRUCELLA IGM ,1750.00,"₹ 2,100.00",SEROLOGY ,2 ml of SERUM ,120,,
115 ,PBC0065 ,C REACTIVE PROTEIN (CRP) ,530.00,₹ 636.00,BIOCHEMISTRY ,2 ml of SERUM ,4,,
116 ,PBC0066 ,CA 125 ,1545.00,"₹ 1,854.00",IMMUNOLOGY ,2 ml of SERUM ,8,,
117 ,BC0030 ,CA 15-3 ,1545.00,"₹ 1,854.00",IMMUNOLOGY ,2 ml of SERUM ,120,,
118 ,LAB151 ,CA 19.9 ,2225.00,"₹ 2,670.00",IMMUNOLOGY ,2 ml of SERUM ,168,,
119 ,PBC0100 ,CA 72.4 ,2335.00,"₹ 2,802.00",IMMUNOLOGY ,2ml of SERUM ,120,,
120 ,LAB021 ,CALCITONIN/THYROCALCITONIN  ,4250.00,"₹ 5,100.00",IMMUNOLOGY ,2 ml of SERUM ,120,,
121 ,PBC0011 ,CALCIUM ,270.00,₹ 324.00,BIOCHEMISTRY ,2 ml of SERUM ,4,,
122 ,PGRPB500 ,CALCIUM - 24 HRS URINE ,360.00,₹ 432.00,BIOCHEMISTRY ,URINE ,8,,
123 ,PBC0010 ,CALCIUM - RANDOM URINE ,360.00,₹ 432.00,BIOCHEMISTRY ,URINE ,4,,
124 ,BC0033 ,CARBAMAZEPINE ,1430.00,"₹ 1,716.00",IMMUNOLOGY ,2 ml of SERUM ,48,,
125 ,LAB253 ,CARNITINE ,6270.00,"₹ 7,524.00",IMMUNOLOGY ,2 ml of SERUM ,120,,
126 ,BC001 ,CATECHOLAMINES - URINE 24 HRS ,6790.00,"₹ 8,148.00",BIOCHEMISTRY ,URINE ,96,,
127 ,lab1000 ,"CATECHOLAMINES, PLASMA ",11075.00,"₹ 13,290.00",BIOCHEMISTRY ,3 ml of Whole Blood ,120,,
128 ,LAB254,CCP ANTIBODY TO CYCLIC CITRULLINATED  PEPTIDE (ANTI CCP) ,3450.00,"₹ 4,140.00",IMMUNOLOGY ,2 ml of SERUM ,6,,
129 ,PGRP850 ,CD 19 ,2915.00,"₹ 3,498.00",HEMATOLOGY ,3 ml of Whole Blood ,72,,
130 ,PGRP851 ,CD 20 ,3235.00,"₹ 3,882.00",HEMATOLOGY ,3 ml of Whole Blood ,72,,
131 ,HE031 ,CD31 ,2335.00,"₹ 2,802.00",HISTOPATHOLOGY ,Paraffin Block ,120,,
132 ,HE34 ,CD34 ,4565.00,"₹ 5,478.00",HISTOPATHOLOGY ,3 ml of Whole Blood ,48,,
133 ,PGRPB080 ,CD4/CD8 COUNTS ,1430.00,"₹ 1,716.00",HEMATOLOGY ,3 ml of Whole Blood ,72,,
134 ,PBC0067 ,CEA - CARCINO EMBRYONIC ANTIGEN ,1960.00,"₹ 2,352.00",IMMUNOLOGY ,2 ml of SERUM ,4,,
135 ,BC0036 ,CERULOPLASMIN ,1750.00,"₹ 2,100.00",BIOCHEMISTRY ,2 ml of SERUM ,48,,
136 ,SR0017 ,"CHIKUNGUNYA VIRUS ANTIBODY, IGM ",920.00,"₹ 1,104.00",SEROLOGY ,2 ml of SERUM ,4,,
137 ,LAB801 ,CHLAMYDIA TRACHOMATICS - IGG ,1540.00,"₹ 1,848.00",SEROLOGY ,2 ml of SERUM ,120,,
138 ,LAB802 ,CHLAMYDIA TRACHOMATICS IGM ,1540.00,"₹ 1,848.00",SEROLOGY ,2 ml of SERUM ,120,,
139 ,PPKG985,"CHLAMYDIA TRACHOMATIS AND NEISSERIA  GONORRHOEAE, QUALITATIVE, PCR",10395.00,"₹ 12,474.00",Molecular Biology ,3 ml of Whole Blood ,120,,
140 ,LAB258 ,CHLORIDE - CSF ,150.00,₹ 180.00,BIOCHEMISTRY ,CSF ,4,,
141 ,PBC0012 ,CHLORIDE -SERUM ,150.00,₹ 180.00,BIOCHEMISTRY ,2 ml of SERUM ,4,,
142 ,PBC0013 ,CHLORIDE -URINE ,150.00,₹ 180.00,BIOCHEMISTRY ,URINE ,4,,
143 ,PBC0014 ,CHOLESTEROL TOTAL ,210.00,₹ 252.00,BIOCHEMISTRY ,2 ml of SERUM ,4,,
144 ,LAB260 ,CHROMIUM ,1700.00,"₹ 2,040.00",BIOCHEMISTRY ,URINE ,72,,
145 ,LAB261 ,CHROMOGRANIN - A ,9025.00,"₹ 10,830.00",BIOCHEMISTRY ,2ml of SERUM ,192,,
146 ,LAB502 ,CITRATE - 24 HRS URINE ,1750.00,"₹ 2,100.00",BIOCHEMISTRY ,URINE ,192,,
147 ,PBC0015 ,CK-MB ,650.00,₹ 780.00,BIOCHEMISTRY ,2 ml of SERUM ,4,,
148 ,LABCP02 ,"CLOSTRIDIUM DIFFICILE DETECTION, PCR ",5150.00,"₹ 6,180.00",Molecular Biology ,5g of Stool ,120,,
149 ,LAB262 ,CLOT RETRACTION TIME ,190.00,₹ 228.00,HEMATOLOGY ,2ml of SERUM ,4,,
150 ,LAB263 ,CLOTTING TIME ,140.00,₹ 168.00,HEMATOLOGY ,Whole Blood ,4,,
151 ,PGRPB064 ,COAGULATION PROFILE (EXTENDED) ,24720.00,"₹ 29,664.00",HEMATOLOGY ,2 ml of PLASMA ,168,,
152 ,PBC0093 ,COCAINE (COC) ,1110.00,"₹ 1,332.00",BIOCHEMISTRY ,URINE ,6,,
153 ,LAB265 ,COLD AGGLUTININS ,820.00,₹ 984.00,HEMATOLOGY ,3 ml of Whole Blood ,120,,
154 ,LAB267 ,COMPLEMENT C3 LEVEL ,1170.00,"₹ 1,404.00",BIOCHEMISTRY ,2 ml of SERUM ,48,,
155 ,LAB268 ,COMPLEMENT C4 LEVEL ,1170.00,"₹ 1,404.00",BIOCHEMISTRY ,2 ml of SERUM ,48,,
156 ,PGRP001 ,COMPLETE BLOOD COUNT - CBC ,360.00,₹ 432.00,HEMATOLOGY ,3 ml of Whole Blood ,4,,
157 ,PGRP002,COMPLETE BLOOD COUNT WITH ESR - CBC  WITH ESR,415.00,₹ 498.00,HEMATOLOGY ,3 ml of Whole Blood ,4,,
158 ,PGRP003 ,COMPLETE HAEMOGRAM ,470.00,₹ 564.00,HEMATOLOGY ,3 ml of Whole Blood ,4,,
159 ,PGRP511_1 ,CONTININE(QUANTITATIVE METHOD) - SERUM ,870.00,"₹ 1,044.00",BIOCHEMISTRY ,2 ml of SERUM ,120,,
160 ,PGRP099 ,COPPER - 24 HRS URINE ,2440.00,"₹ 2,928.00",BIOCHEMISTRY ,URINE ,168,,
161 ,LAB272 ,COPPER - SERUM ,1430.00,"₹ 1,716.00",BIOCHEMISTRY ,2 ml of SERUM ,168,,
162 ,LAB271 ,COPPER - URINE ,2440.00,"₹ 2,928.00",BIOCHEMISTRY ,URINE ,96,,
163 ,LAB273 ,CORRECTED CALCIUM ,415.00,₹ 498.00,BIOCHEMISTRY ,2 ml of SERUM ,4,,
164 ,LAB015 ,CORTISOL - 4 PM  ,1430.00,"₹ 1,716.00",IMMUNOLOGY ,2 ml of SERUM ,4,,
165 ,LAB014 ,CORTISOL - 8 AM  ,1430.00,"₹ 1,716.00",IMMUNOLOGY ,2 ml of SERUM ,4,,
166 ,BC0282 ,CORTISOL - RANDOM ,1430.00,"₹ 1,716.00",IMMUNOLOGY ,2 ml of SERUM ,4,,
167 ,LAB200 ,COTININE TEST/ NICOTIN ,590.00,₹ 708.00,CLINICAL PATHOLOGY ,URINE ,4,,
168 ,PGRP874,COVID 19 ANTIBODIES IGG & IGM (RAPID  METHOD) ,1040.00,"₹ 1,248.00",SEROLOGY ,2 ml of SERUM ,4,,
169 ,PGRP875_1 ,COVID 19 ANTIGEN TEST ,450.00,₹ 540.00,Molecular Biology ,NASAL SWAB ,4,,
170 ,SR0156_1 ,COVID IGG ANTIBODY(CLIA) ,1855.00,"₹ 2,226.00",SEROLOGY ,2 ml of SERUM ,8,,
171 ,PGRP451 ,COVID RT-PCR BY TRUNAT METHOD ,1290.00,"₹ 1,548.00",Molecular Biology ,NASAL / ORAL SWAB ,24,,
172 ,BC0041 ,C-PEPTIDE ,2335.00,"₹ 2,802.00",BIOCHEMISTRY ,2 ml of SERUM ,12,,
173 ,PBC0016 ,CPK / CK -TOTAL (CREATININE KINASE) ,650.00,₹ 780.00,BIOCHEMISTRY ,2 ml of SERUM ,8,,
174 ,PBC0018 ,CREATININE ,150.00,₹ 180.00,BIOCHEMISTRY ,2 ml of SERUM ,4,,
175 ,PBC0017 ,CREATININE - 24HRS URINE ,530.00,₹ 636.00,BIOCHEMISTRY ,URINE ,8,,
176 ,LAB274 ,CREATININE - BODY FLUID ,415.00,₹ 498.00,BIOCHEMISTRY ,Body Fluid ,4,,
177 ,PGRPB029 ,CREATININE CLEARANCE - URINE 24HRS ,530.00,₹ 636.00,BIOCHEMISTRY ,URINE ,8,,
178 ,PGRPB501 ,CREATININE-SPOT URINE ,530.00,₹ 636.00,BIOCHEMISTRY ,URINE ,4,,
179 ,LAB276 ,CRYOGLOBULINS ,1540.00,"₹ 1,848.00",BIOCHEMISTRY ,5 ml of SERUM ,168,,
180 ,PGRP026 ,CSF ANALYSIS ,760.00,₹ 912.00,BIOCHEMISTRY ,CSF ,8,,
181 ,PGRPMB01 ,CULTURE & SENSITIVITY (MANUAL) ,760.00,₹ 912.00,MICROBIOLOGY,"CSF, Pus, Sputum, Tissues,  Bronchial Washings, Aspirated  Body Fluids, Urine etc",48,,
182 ,BC0048 ,CYCLOSPORINE ,4720.00,"₹ 5,664.00",BIOCHEMISTRY ,3 ml of Whole Blood ,72,,
183 ,BC0314_1 ,CYSTATIN C ,700.00,₹ 840.00,BIOCHEMISTRY ,2 ml of SERUM ,48,,
184 ,SR0180_2 ,CYTOMEGALO VIRUS IGG ANTIBODIES ,760.00,₹ 912.00,SEROLOGY ,2 ml of SERUM ,48,,
185 ,SR0181_2 ,CYTOMEGALO VIRUS IGM ANTIBODIES ,760.00,₹ 912.00,SEROLOGY ,2 ml of SERUM ,48,,
186 ,PGRP5462,"CYTOMEGALOVIRUS (CMV) DNA, QUANTITATIVE  PCR",10715.00,"₹ 12,858.00",Molecular Biology,2ml of SERUM/2ml of whole  blood ,168,,
187 ,PHEM0020 ,DCT - DIRECT COOMBS TEST ,470.00,₹ 564.00,HEMATOLOGY ,3 ml of Whole Blood ,4,,
188 ,PHEM0033 ,D-DIMER ,1750.00,"₹ 2,100.00",HEMATOLOGY ,2 ml of PLASMA ,4,,
189 ,SR0057 ,DENGUE ANTIBODY IGG ,560.00,₹ 672.00,SEROLOGY ,2 ml of SERUM ,8,,
190 ,SR0058 ,DENGUE ANTIBODY IGM ,560.00,₹ 672.00,SEROLOGY ,2 ml of SERUM ,8,,
191 ,SR0091 ,DENGUE NS1 ANTIGEN ,560.00,₹ 672.00,SEROLOGY ,2 ml of SERUM ,8,,
192 ,PGRP107 ,DENGUE PROFILE ELISA METHOD ,1970.00,"₹ 2,364.00",SEROLOGY ,2 ml of SERUM ,24,,
193 ,PGRPB043,"DENGUE-NS1 ANTIGEN, IGG & IGM ANTIBODIES  (RAPID METHOD) ",260.00,₹ 312.00,SEROLOGY ,2 ml of SERUM or PLASMA ,4,,
194 ,LABSC001 ,DHEA(DEHYDROXI EPI ANDROSTERONE) ,2915.00,"₹ 3,498.00",IMMUNOLOGY ,2 ml of SERUM ,12,,
195 ,SR0147 ,DHEA-S (DEHYDROEPIANDROSTERONE SULFATE) ,2070.00,"₹ 2,484.00",IMMUNOLOGY ,2 ml of SERUM ,12,,
196 ,PGRPB017 ,DIFFERENTIAL LEUCOCYTE COUNT (DC) ,190.00,₹ 228.00,HEMATOLOGY ,3 ml of Whole Blood ,4,,
197 ,LAB279 ,DIGOXIN - DRUG LEVEL ,2495.00,"₹ 2,994.00",BIOCHEMISTRY ,2 ml of SERUM ,96,,
198 ,LAB280 ,DIHYDROXY TESTOSTERONE ,3450.00,"₹ 4,140.00",IMMUNOLOGY ,2 ml of SERUM ,120,,
199 ,LAB281 ,DIRECT BILIRUBIN ,200.00,₹ 240.00,BIOCHEMISTRY ,2 ml of SERUM ,4,,
200 ,PGRPB065 ,DOUBLE MARKER TEST ,3720.00,"₹ 4,464.00",IMMUNOLOGY ,2 ml of SERUM ,24,,
201 ,PGRPB0090 ,DRUG PANEL - 6 DRUGS ,2335.00,"₹ 2,802.00",SEROLOGY ,5ml of URINE ,4,,
202 ,PGRP503 ,DRUG PANEL - 10 DRUGS ,2915.00,"₹ 3,498.00",SEROLOGY ,5ml of URINE ,4,,
203 ,LAB282 ,DS DNA ANTIBODIES ,1540.00,"₹ 1,848.00",IMMUNOLOGY,2ml of SERUM/2ML OF  PLASMA,72,,
,,,,,,,,,
204 ,LAB283 ,E3-ESTRIOL-SERUM ,1860.00,"₹ 2,232.00",IMMUNOLOGY ,2 ml of SERUM ,12,,
205 ,PGRPB201_1 ,EBV-IGG ,2915.00,"₹ 3,498.00",SEROLOGY ,2 ml of SERUM ,120,,
206 ,PGRPB201_2 ,EBV-IGM ,2915.00,"₹ 3,498.00",SEROLOGY ,2 ml of SERUM ,120,,
207 ,LAB418 ,ECHINOCOCCUS IGG ,2495.00,"₹ 2,994.00",SEROLOGY ,2 ml of SERUM ,72,,
208 ,PGRPB090_6 ,ECSTASY TEST ,1170.00,"₹ 1,404.00",CLINICAL PATHOLOGY ,URINE ,4,,
209 ,PGRP00059 ,"ELECTROLYTES (NA+, K+, CL) - FLUID ",415.00,₹ 498.00,BIOCHEMISTRY ,Body Fluid ,4,,
210 ,PGRPB003 ,"ELECTROLYTES (NA+, K+, CL) - SERUM ",415.00,₹ 498.00,BIOCHEMISTRY ,2 ml of SERUM ,4,,
211 ,PGRP100 ,ELECTROLYTES URINE -SPOT SAMPLE ,470.00,₹ 564.00,BIOCHEMISTRY ,URINE ,4,,
212 ,LAB286 ,ELECTROPHORESIS - URINE ,4455.00,"₹ 5,346.00",BIOCHEMISTRY ,URINE ,96,,
213 ,LAB329,ELECTROPHORESIS BY IMMUNOFIXATION (IF) -  SERUM,6790.00,"₹ 8,148.00",IMMUNOLOGY ,2 ml of SERUM ,96,,
214 ,PGRP265,ELECTROPHORESIS BY IMMUNOFIXATION (IF) -  URINE,6790.00,"₹ 8,148.00",IMMUNOLOGY ,2 ml of SERUM ,96,,
215 ,PGRP700 ,ENA PANEL ,4035.00,"₹ 4,842.00",IMMUNOLOGY ,2 ml of SERUM ,48,,
216 ,LAB483 ,ENDOMYSIAL - IGA ,2915.00,"₹ 3,498.00",SEROLOGY ,2 ml of SERUM ,120,,
217 ,LAB1003 ,ENDOMYSIAL ANTIBODY IGG ,5150.00,"₹ 6,180.00",SEROLOGY ,2 ml of SERUM ,120,,
218 ,PHEM0014 ,EOSINOPHILS ,100.00,₹ 120.00,HEMATOLOGY ,3 ml of Whole Blood ,4,,
219 ,LAB504_1 ,EPIDERMAL (PEMPHIGUS) ANTIBODY(IFA) ,3445.00,"₹ 4,134.00",SEROLOGY ,2 ml of SERUM ,120,,
220 ,PGRPW01 ,"ER , PR ,HER 2 ",6790.00,"₹ 8,148.00",Histopathology ,Tissue / Parafin Blocks ,48,,
221 ,PHEM0016 ,ERYTHROCYTE SEDIMENTATION RATE ,100.00,₹ 120.00,HEMATOLOGY ,3 ml of Whole Blood ,4,,
222 ,LAB287 ,ERYTHROPOIETIN LEVEL ,2915.00,"₹ 3,498.00",IMMUNOLOGY ,2 ml of SERUM ,48,,
223 ,PBC0068 ,ESTRADIOL (E2) ,1170.00,"₹ 1,404.00",IMMUNOLOGY ,2 ml of SERUM ,4,,
224 ,PGERP001 ,EXTENDED RENAL PROFILE ,1750.00,"₹ 2,100.00",BIOCHEMISTRY,"2 ml of SERUM, 3 ml of Whole  Blood, URINE ",6,,
225 ,LAB0510 ,FACTOR IX FUNCTIONAL ,2915.00,"₹ 3,498.00",HEMATOLOGY ,2 ml of PLASMA ,120,,
226 ,HE0017 ,FACTOR V ,8490.00,"₹ 10,188.00",HEMATOLOGY ,2 ml of PLASMA ,168,,
227 ,MP0011 ,FACTOR V LEIDEN MUTATION ,8490.00,"₹ 10,188.00",HEMATOLOGY ,3 ml of Whole Blood ,168,,
228 ,LAB0509 ,FACTOR VII FUNCTIONAL ,4720.00,"₹ 5,664.00",HEMATOLOGY ,2 ml of PLASMA ,168,,
229 ,LAB289 ,FACTOR VIII (ANTI HAEMOPHILIC) ,3925.00,"₹ 4,710.00",HEMATOLOGY ,2 ml of PLASMA ,72,,
230 ,LAB1002 ,FACTOR X FUNCTIONAL ,7275.00,"₹ 8,730.00",HEMATOLOGY ,2 ml of PLASMA ,168,,
231 ,LAB0510_1 ,FACTOR XIII ,590.00,₹ 708.00,HEMATOLOGY ,2 ml of PLASMA ,96,,
232 ,PBC0021 ,FASTING GLUCOSE- FBS ,80.00,₹ 96.00,BIOCHEMISTRY ,2 ml of PLASMA ,4,,
233 ,PGRPB087 ,FBS WITH CORRESPONDING URINE SUGAR ,100.00,₹ 120.00,BIOCHEMISTRY ,2 ml of Plasma & 5ml of Urine ,4,,
234 ,LAB436 ,FECAL CALPROTECTIN ,5150.00,"₹ 6,180.00",CLINICAL PATHOLOGY ,5g of Stool ,8,,
235 ,LABFE00322 ,Fecal Elastase ,7905.00,"₹ 9,486.00",SEROLOGY ,Stool ,168,,
236 ,BC0062 ,FERRITIN ,920.00,"₹ 1,104.00",BIOCHEMISTRY ,2 ml of SERUM ,8,,
237 ,LAB290 ,FIBRINOGEN DEGRADATION PRODUCT ,1430.00,"₹ 1,716.00",HEMATOLOGY ,2 ml of PLASMA ,6,,
238 ,LAB291 ,FIBRINOGEN LEVEL - PLASMA ,1540.00,"₹ 1,848.00",HEMATOLOGY ,2 ml of PLASMA ,48,,
239 ,SR0467 ,FILARIA ANTIGEN ,990.00,"₹ 1,188.00",SEROLOGY ,2 ml of SERUM ,48,,
240 ,PGRPB0213,"FISH - MDS PANEL - CHROMOSOMES 5Q, 7Q, 8Q  & 20Q ",16380.00,"₹ 19,656.00",IMMUNOLOGY,3 ml of Whole Blood/BONE  MARROW ASPIRATE,168,,
241 ,LAB049 ,FNAC - MULTIPLE SITES  ,2000.00,"₹ 2,400.00",CYTOLOGY,Aspirate material from Breast  / Superficial lumps / CT or  USG guided deep lumps  Smear on 4 glass slides fix  immedialy in absolute alcohol.,24,,
242 ,LAB048 ,FNAC - SINGLE SITE  ,1500.00,"₹ 1,800.00",CYTOLOGY,Aspirate material from Breast  / Superficial lumps / CT or  USG guided deep lumps  Smear on 4 glass slides fix  immedialy in absolute alcohol.,24,,
243 ,LAB050 ,FNAC (SLIDE REVIEW)  ,700.00,₹ 840.00,CYTOLOGY ,Unstained / stained Slides ,24,,
244 ,PGRPB103 ,FOOD ALLERGY / FOOD INTOLERANCE TEST ,7420.00,"₹ 8,904.00",IMMUNOLOGY ,2 ml of SERUM ,24,,
245 ,PBC0069 ,FREE - T3 ,590.00,₹ 708.00,IMMUNOLOGY ,2 ml of SERUM ,4,,
246 ,PBC0070 ,FREE - T4 ,590.00,₹ 708.00,IMMUNOLOGY ,2 ml of SERUM ,4,,
247 ,PGRP097 ,FREE ANDROGEN INDEX ,2070.00,"₹ 2,484.00",IMMUNOLOGY ,2 ml of SERUM ,12,,
248 ,LAB201 ,FREE BETA HCG ,1430.00,"₹ 1,716.00",IMMUNOLOGY ,2 ml of SERUM ,8,,
249 ,BC0154 ,FREE KAPPA LIGHT CHAIN _BC0154_1 ,7695.00,"₹ 9,234.00",BIOCHEMISTRY ,2 ml of SERUM ,48,,
250 ,PJGRP176 ,FREE LIGHT CHAIN ASSAY ,7590.00,"₹ 9,108.00",BIOCHEMISTRY ,2 ml of SERUM ,48,,
251 ,BC0064 ,FREE PROSTATE SPECIFIC ANTIGEN ,1170.00,"₹ 1,404.00",BIOCHEMISTRY ,2 ml of SERUM ,12,,
252 ,GRPB077 ,"FREE TFT(FREET3,FREET4,TSH ",1750.00,"₹ 2,100.00",IMMUNOLOGY ,2 ml of SERUM ,4,,
253 ,LAB295 ,FRUCTOSAMINE - SERUM ,1750.00,"₹ 2,100.00",BIOCHEMISTRY ,2 ml of SERUM ,96,,
254 ,PBC0071 ,FSH - FOLLICLE STIMULATING HORMONE ,700.00,₹ 840.00,IMMUNOLOGY ,2 ml of SERUM ,4,,
255 ,PGRPB109 ,FSH LH AND PROLACTIN ,1750.00,"₹ 2,100.00",IMMUNOLOGY ,2 ml of SERUM ,4,,
256 ,MC0079_4 ,FUNGAL CULTURE ,920.00,"₹ 1,104.00",MICROBIOLOGY ,Swab/Scaping ,672,,
257 ,PGRPH01 ,G6PD ,1330.00,"₹ 1,596.00",HEMATOLOGY ,3 ml of Whole Blood ,12,,
258 ,LAB297 ,GAD ANTIBODY ,9600.00,"₹ 11,520.00",BIOCHEMISTRY ,2 ml of SERUM ,144,,
259 ,LAB0469,"GAD-65 (GLUTAMIC ACID DECARBOXYLASE- 65),  IGG ",9600.00,"₹ 11,520.00",BIOCHEMISTRY ,2 ml of SERUM ,144,,
260 ,PBC0023 ,GAMMA-GLUTAMYL TRANSFERASE (GGT) ,270.00,₹ 324.00,BIOCHEMISTRY ,2 ml of SERUM ,4,,
261 ,LAB954 ,GANGLIOSIDE ANTIBODY PROFILE - IGG ,6260.00,"₹ 7,512.00",SEROLOGY ,2 ml of SERUM ,672,,
262 ,LAB957 ,GANGLIOSIDE ANTIBODY PROFILE - IGM ,6260.00,"₹ 7,512.00",SEROLOGY ,2 ml of SERUM ,672,,
263 ,LAB298 ,GASTRIN LEVEL - SERUM ,1800.00,"₹ 2,160.00",BIOCHEMISTRY ,2 ml of SERUM ,96,,
264 ,PGRPB0572 ,GENE POLYMORPHISM TA (UGT1A1) ,6955.00,"₹ 8,346.00",BIOCHEMISTRY ,3 ml of Whole Blood ,240,,
265 ,PBC0024 ,GFR (GLOMERULAR FILTRATION RATE) ,470.00,₹ 564.00,BIOCHEMISTRY ,2 ml of SERUM ,4,,
266 ,PBC0031 ,GLOBULINS - SERUM ,270.00,₹ 324.00,BIOCHEMISTRY ,2 ml of SERUM ,4,,
267 ,PBC0027 ,GLUCOSE - CSF ,80.00,₹ 96.00,BIOCHEMISTRY ,CSF ,4,,
268 ,LAB435 ,GLUCOSE - FLUID ,80.00,₹ 96.00,BIOCHEMISTRY ,Body Fluid ,4,,
269 ,PGRPB006 ,GLUCOSE CHALLENGE TEST(50 G) ,190.00,₹ 228.00,BIOCHEMISTRY ,2 ml of PLASMA ,4,,
270 ,PGRPB007 ,GLUCOSE CHALLENGE TEST(75 G) ,190.00,₹ 228.00,BIOCHEMISTRY ,2 ml of PLASMA ,4,,
271 ,PGRP101 ,GLUCOSE TOLERANCE TEST [GTT] - 2 SAMPLES ,360.00,₹ 432.00,BIOCHEMISTRY ,2 ml of PLASMA ,4,,
272 ,PGRP102 ,GLUCOSE TOLERANCE TEST [GTT] - 3 SAMPLES ,415.00,₹ 498.00,BIOCHEMISTRY ,2 ml of PLASMA ,6,,
273 ,PGRP103 ,GLUCOSE TOLERANCE TEST [GTT] - 4 SAMPLES ,470.00,₹ 564.00,BIOCHEMISTRY ,2 ml of PLASMA ,6,,
274 ,PGRP104 ,GLUCOSE TOLERANCE TEST [GTT] - 5 SAMPLES ,530.00,₹ 636.00,BIOCHEMISTRY ,2 ml of PLASMA ,6,,
275 ,PGRPB084 ,GLUCOSE TOLERANCE TEST 100G GTT ,415.00,₹ 498.00,BIOCHEMISTRY ,2 ml of PLASMA ,4,,
276 ,PGRPB005 ,GLUCOSE TOLERANCE TEST 50G GTT ,310.00,₹ 372.00,BIOCHEMISTRY ,2 ml of PLASMA ,4,,
277 ,PGRPB078 ,GLUCOSE TOLERANCE TEST 75G GTT ,360.00,₹ 432.00,BIOCHEMISTRY ,2 ml of PLASMA ,4,,
278 ,PGRPB015 ,GLYCOSYLATED HAEMOGLOBIN (HBA1C) ,820.00,₹ 984.00,BIOCHEMISTRY ,3 ml of Whole Blood ,4,,
279 ,PGRPB057 ,GRAM'S STAIN ,190.00,₹ 228.00,MICROBIOLOGY ,ANY FLUID ,6,,
280 ,LAB0514 ,GROWTH HORMONE (GH) ,1800.00,"₹ 2,160.00",IMMUNOLOGY ,2 ml of SERUM ,48,,
281 ,PJH1N1 ,H1N1 ,3450.00,"₹ 4,140.00",Molecular Biology ,NASAL SWAB ,12,,
282 ,BC0071 ,HAPTOGLOBIN ,1970.00,"₹ 2,364.00",BIOCHEMISTRY ,2 ml of SERUM ,48,,
283 ,SR0450 ,HAV-IGM ANTIBODY-SERUM ,1650.00,"₹ 1,980.00",SEROLOGY,2ml of SERUM ,12,,
284 ,PHEM0001 ,HB - HAEMOGLOBIN ,190.00,₹ 228.00,HEMATOLOGY ,3 ml of Whole Blood ,4,,
285 ,PGRPB022 ,HB TC DC ,310.00,₹ 372.00,HEMATOLOGY ,3 ml of Whole Blood ,4,,
286 ,PGRPHB ,HB TC DC & ESR ,360.00,₹ 432.00,HEMATOLOGY ,3 ml of Whole Blood ,4,,
287 ,PGRPB024 ,HB TC DC & PLATELET COUNT ,340.00,₹ 408.00,HEMATOLOGY ,3 ml of Whole Blood ,4,,
288 ,PGRPB025 ,HB TC DC ESR & PLATELET COUNT ,415.00,₹ 498.00,HEMATOLOGY ,3 ml of Whole Blood ,4,,
289 ,SR0029 ,HBV DNA - QUALITATIVE ,5675.00,"₹ 6,810.00",Molecular Biology ,3 ml of Whole Blood ,24,,
290 ,SR0030 ,HBV DNA - QUANTITATIVE ,5675.00,"₹ 6,810.00",Molecular Biology ,3 ml of Whole Blood ,24,,
291 ,PBC0035 ,HDL CHOLESTEROL ,415.00,₹ 498.00,BIOCHEMISTRY ,2 ml of SERUM ,4,,
292 ,PGRPB0100 ,HEAVY METAL PROFILE ,13495.00,"₹ 16,194.00",BIOCHEMISTRY ,2 ml of SERUM/ PLASMA ,360,,
293 ,LAB0546,HELICOBACTER PYLORI ( H PYLORI ) IGG  ANTIBODIES,2335.00,"₹ 2,802.00",SEROLOGY ,2 ml of SERUM ,12,,
294 ,LAB0547,HELICOBACTER PYLORI ( H PYLORI ) IGM  ANTIBODIES,2335.00,"₹ 2,802.00",SEROLOGY ,2 ml of SERUM ,12,,
295 ,LAB901,HELICOBACTER PYLORI (H. PYLORI) ANTIGEN -  STOOL,2495.00,"₹ 2,994.00",CLINICAL PATHOLOGY ,Stool ,120,,
296 ,SR0023_2 ,HELICOBACTER PYLORI IGA ANTIBODIES ,4040.00,"₹ 4,848.00",SEROLOGY ,2 ml of SERUM ,24,,
297 ,PGRP510 ,HEMAEMOGLUMINUREA FOR URINE ,310.00,₹ 372.00,CLINICAL PATHOLOGY ,URINE ,4,,
298 ,PHEM0003 ,HEMATOCRIT(PACKED CELL VOLUME) ,190.00,₹ 228.00,HEMATOLOGY ,3 ml of Whole Blood ,4,,
299 ,PGRP0789 ,HEMOGLOBIN HPLC/ELECTROPHORESIS ,2000.00,"₹ 2,400.00",HEMATOLOGY ,3 ml of Whole Blood ,120,,
300 ,PGRPB085 ,HEMOGLOBIN(HB) ELECTROPHORESIS ,2000.00,"₹ 2,400.00",HEMATOLOGY,2ml of whole blood ,72,,
301 ,SR0468,HEPATITIS B CORE ANTIBODY IGM(ANTI HBC IGM) ELISA ,1750.00,"₹ 2,100.00",SEROLOGY ,2 ml of SERUM ,96,,
302 ,PGRPB045 ,HEPATITIS B SURFACE ANTIGEN - HBSAG (CMIA) ,920.00,"₹ 1,104.00",SEROLOGY ,2 ml of SERUM ,4,,
303 ,LAB313 ,HEPATITIS B SURFACE ANTIGEN - HBSAG (ELISA) ,920.00,"₹ 1,104.00",SEROLOGY ,2 ml of SERUM ,8,,
304 ,PGRPB046 ,HEPATITIS B SURFACE ANTIGEN - HBSAG (RAPID) ,470.00,₹ 564.00,SEROLOGY ,2 ml of SERUM ,4,,
305 ,SR0007,HEPATITIS B VIRUS - HBV ANTI HBEAG ENVELOPE ANTIBODY ,1750.00,"₹ 2,100.00",SEROLOGY ,2 ml of SERUM ,72,,
306 ,SR0026,HEPATITIS B VIRUS - HBV HBEAG ENVELOPE  ANTIGEN ,1750.00,"₹ 2,100.00",SEROLOGY ,2 ml of SERUM ,72,,
307 ,LAB315,HEPATITIS B VIRUS (HBV) DNA - VIRAL LOAD  /PCR (QUANTITATIVE) ,6800.00,"₹ 8,160.00",Molecular Biology ,3 ml of Whole Blood ,24,,
308 ,PGRPB206,"HEPATITIS C VIRAL (HCV RNA), QUANTITATIVE,  ULTRA",8490.00,"₹ 10,188.00",Molecular Biology ,3 ml of Whole Blood ,12,,
309 ,PGRPB107 ,HEPATITIS C VIRUS ANTIBODY - HCV (CMIA) ,920.00,"₹ 1,104.00",SEROLOGY ,2 ml of SERUM ,8,,
310 ,SR0192_1 ,HEPATITIS C VIRUS ANTIBODY - HCV (ELISA) ,920.00,"₹ 1,104.00",SEROLOGY ,2 ml of SERUM ,8,,
311 ,PGRPS114 ,HEPATITIS C VIRUS ANTIBODY - HCV (RAPID) ,470.00,₹ 564.00,SEROLOGY ,2 ml of SERUM ,6,,
312 ,SR0451 ,HEPATITIS E VIRUS (HEV) ANTIBODY IGG ,2335.00,"₹ 2,802.00",SEROLOGY ,2 ml of SERUM ,72,,
313 ,SR0451_1 ,HEPATITIS E VIRUS (HEV) ANTIBODY IGM ,2335.00,"₹ 2,802.00",SEROLOGY ,2 ml of SERUM ,72,,
314 ,PGRPB047 ,HEPATITIS E VIRUS (HEV) IGM / IGG ,4565.00,"₹ 5,478.00",SEROLOGY ,2 ml of SERUM ,72,,
315 ,PGRP973,"HERPES SIMPLEX VIRUS (HSV) TYPE 1&2, PCR,  QUALITATIVE",8705.00,"₹ 10,446.00",Molecular Biology ,2 ml of SERUM ,120,,
316 ,PBC0072 ,HIGH SENSITIVE CRP ,650.00,₹ 780.00,BIOCHEMISTRY ,2 ml of SERUM ,6,,
317 ,HS0011 ,HISTOPATHOLOGY - LARGE ,1750.00,"₹ 2,100.00",HISTOPATHOLOGY ,TISSUE ,120,,
318 ,HS0010 ,HISTOPATHOLOGY (EXTRA LARGE)** ,3450.00,"₹ 4,140.00",HISTOPATHOLOGY ,TISSUE ,120,,
319 ,HS0012 ,HISTOPATHOLOGY (SPECIMEN- MEDIUM)* ,1170.00,"₹ 1,404.00",HISTOPATHOLOGY ,TISSUE ,96,,
320 ,PGRPB048 ,HIV - CMIA ,920.00,"₹ 1,104.00",SEROLOGY ,2 ml of SERUM ,6,,
321 ,LAB323 ,HIV - ELISA ,920.00,"₹ 1,104.00",SEROLOGY ,2 ml of SERUM ,6,,
322 ,PGRPB049 ,HIV - I & II (WESTERN BLOT) ,4040.00,"₹ 4,848.00",SEROLOGY ,2 ml of SERUM ,72,,
323 ,PGRPB512 ,HIV - P24 ,2915.00,"₹ 3,498.00",SEROLOGY ,2 ml of SERUM ,72,,
324 ,PGRPS113 ,HIV - RAPID ,650.00,₹ 780.00,SEROLOGY ,2 ml of SERUM ,4,,
325 ,LAB054 ,HIV RNA PCR (QUALITATIVE)  ,6790.00,"₹ 8,148.00",SEROLOGY ,2 ml of SERUM ,96,,
326 ,LAB053 ,HIV RNA PCR (QUANTITATIVE)  ,6790.00,"₹ 8,148.00",SEROLOGY ,2 ml of SERUM ,96,,
327 ,SR0073 ,HIV VIRAL LOAD QUANTITATIVE ,6790.00,"₹ 8,148.00",SEROLOGY ,2 ml of SERUM ,96,,
328 ,LAB325 ,HLA - B5 (B*51/52) ,8500.00,"₹ 10,200.00",HEMATOLOGY ,3 ml of Whole Blood ,168,,
329 ,MP0027_1 ,HLA B27 ,4040.00,"₹ 4,848.00",HEMATOLOGY ,3 ml of Whole Blood ,24,,
330 ,PGRPB03 ,HOMA-IR ,2495.00,"₹ 2,994.00",IMMUNOLOGY ,2 ml of SERUM ,4,,
331 ,BC0073_1 ,HOMOCYSTEINE LEVEL ,1910.00,"₹ 2,292.00",BIOCHEMISTRY ,2 ml of SERUM ,4,,
332 ,SR0195 ,HSV (HERPES SIMPLEX VIRUS) 1 & 2 IGG ,1750.00,"₹ 2,100.00",SEROLOGY ,2 ml of SERUM ,12,,
333 ,SR0090 ,HSV I ANTIBODY IGG ,920.00,"₹ 1,104.00",SEROLOGY ,2 ml of SERUM ,12,,
334 ,SR0090_1 ,HSV I ANTIBODY IGM ,920.00,"₹ 1,104.00",SEROLOGY ,2 ml of SERUM ,12,,
335 ,SR0101 ,HSV II ANTIBODY IGG ,920.00,"₹ 1,104.00",SEROLOGY ,2 ml of SERUM ,12,,
336 ,PYIGM ,HSV II ANTIBODY IGM ,895.00,"₹ 1,074.00",SEROLOGY ,2 ml of SERUM ,12,,
337 ,SR0196 ,HSV(HERPES SIMPLEX VIRUS) 1&2 IGM ,1750.00,"₹ 2,100.00",SEROLOGY ,2 ml of SERUM ,12,,
338 ,LAB326 ,HUMAN PAPILLOMA VIRUS (HPV) DNA - PCR ,5460.00,"₹ 6,552.00",Molecular Biology ,3 ml of Whole Blood ,24,,
339 ,LAB513 ,IA2 INSULINOMA ASSOCIATED ANTIGEN ,10200.00,"₹ 12,240.00",IMMUNOLOGY ,2 ml of SERUM ,240,,
340 ,LAB327 ,IGF - I SOMATOMEDIN - C ,6260.00,"₹ 7,512.00",BIOCHEMISTRY ,2 ml of SERUM ,72,,
341 ,BC0302 ,IGF BINDING PROTEIN3 ,6260.00,"₹ 7,512.00",IMMUNOLOGY ,2 ml of SERUM ,120,,
342 ,LAB328 ,IGG4 - SUBCLASSES ,2915.00,"₹ 3,498.00",IMMUNOLOGY ,2 ml of SERUM ,72,,
343 ,HS0050 ,IHC HER2 ,3030.00,"₹ 3,636.00",Histopathology ,Tissue / Parafin Blocks ,48,,
344 ,PGRP008_1 ,IMMATURE PLATELET FRACTION ,590.00,₹ 708.00,HEMATOLOGY ,3 ml of Whole Blood ,48,,
345 ,PGRPB074 ,"IMMUNOGLOBULIN (IGA,IGG,IGM) ",1750.00,"₹ 2,100.00",IMMUNOLOGY ,2 ml of SERUM ,48,,
346 ,SR35 ,IMMUNOGLOBULIN A (IGA) (TOTAL) ,650.00,₹ 780.00,IMMUNOLOGY ,2 ml of SERUM ,48,,
347 ,PBC0073 ,IMMUNOGLOBULIN E (IGE) ,1040.00,"₹ 1,248.00",IMMUNOLOGY ,2 ml of SERUM ,6,,
348 ,LAB330 ,IMMUNOGLOBULIN G (IGG) ,990.00,"₹ 1,188.00",IMMUNOLOGY ,2 ml of SERUM ,48,,
349 ,LAB331 ,IMMUNOGLOBULIN M (IGM) ,650.00,₹ 780.00,IMMUNOLOGY ,2 ml of SERUM ,48,,
350 ,PGRPB058 ,INDIA INK PREPARATION ,250.00,₹ 300.00,MICROBIOLOGY ,CSF ,12,,
351 ,LAB332 ,INDIRECT BILIRUBIN ,380.00,₹ 456.00,BIOCHEMISTRY ,2 ml of SERUM ,4,,
352 ,PHEM0021 ,INDIRECT COOMBS TEST ,470.00,₹ 564.00,HEMATOLOGY ,2 ml of SERUM ,8,,
353 ,SR0900,INFECTIOUS MONONUCLEOSIS (IM) MONOSPOT  TEST,700.00,₹ 840.00,BIOCHEMISTRY ,2 ml of SERUM ,120,,
354 ,PGRPB066 ,INHALATION /RESPIRATORY ALLERGY TEST ,4565.00,"₹ 5,478.00",IMMUNOLOGY ,2 ml of SERUM ,24,,
355 ,BC0131 ,INHIBIN A - SERUM ,1430.00,"₹ 1,716.00",BIOCHEMISTRY ,2 ml of SERUM ,12,,
356 ,LAB333 ,INHIBIN B ,2915.00,"₹ 3,498.00",BIOCHEMISTRY ,2 ml of SERUM ,72,,
357 ,LAB0512 ,INORGANIC PHOSPHORUS ,190.00,₹ 228.00,BIOCHEMISTRY ,2 ml of SERUM ,4,,
358 ,PBC0074 ,INSULIN - FASTING ,920.00,"₹ 1,104.00",BIOCHEMISTRY ,2 ml of SERUM ,4,,
359 ,PBC0075 ,INSULIN - POSTPRANDIAL ,920.00,"₹ 1,104.00",BIOCHEMISTRY ,2 ml of SERUM ,4,,
360 ,PBC0076 ,INSULIN - RANDOM ,920.00,"₹ 1,104.00",BIOCHEMISTRY ,2 ml of SERUM ,4,,
361 ,LAB463 ,INSULIN ANTIBODY ,3980.00,"₹ 4,776.00",IMMUNOLOGY ,2 ml of SERUM ,120,,
362 ,BC0079 ,INSULIN LIKE GROWTH FACTOR-1 (IGF-1) ,6260.00,"₹ 7,512.00",BIOCHEMISTRY ,2 ml of SERUM ,96,,
363 ,LAB621 ,INTACT PARATHYROID HORMONE ,3235.00,"₹ 3,882.00",IMMUNOLOGY ,2 ml of SERUM ,8,,
364 ,PPKG764 ,INTERLEUKIN 6 ,3450.00,"₹ 4,140.00",IMMUNOLOGY ,2 ml of SERUM ,6,,
365 ,PBC0036 ,IONISED CALCIUM ,415.00,₹ 498.00,BIOCHEMISTRY ,2 ml of SERUM ,4,,
366 ,BC0080_1 ,IRON - SERUM ,590.00,₹ 708.00,BIOCHEMISTRY ,2 ml of SERUM ,4,,
367 ,PGRPB030 ,IRON + TIBC ,1330.00,"₹ 1,596.00",BIOCHEMISTRY ,2 ml of SERUM ,6,,
368 ,PGRPB067 ,IRON PROFILE ,1750.00,"₹ 2,100.00",BIOCHEMISTRY ,2 ml of SERUM ,6,,
369 ,PGRPB203 ,IRON STUDY WITH FERRITIN ,1860.00,"₹ 2,232.00",BIOCHEMISTRY ,2 ml of SERUM ,4,,
370 ,PGRPB204 ,IRON STUDY WITHOUT FERRITIN ,1860.00,"₹ 2,232.00",BIOCHEMISTRY ,2 ml of SERUM ,4,,
371 ,LAB0556 ,ISLET ANTIBODIES ,2915.00,"₹ 3,498.00",IMMUNOLOGY ,2 ml of SERUM ,120,,
372 ,LAB334 ,KETONE BODIES D-3-HYDROXYBUTYRATE(D3BH) ,1170.00,"₹ 1,404.00",BIOCHEMISTRY ,2 ml of SERUM ,168,,
373 ,LAB336 ,KI67 IHC ,2915.00,"₹ 3,498.00",HISTOPATHOLOGY ,SLIDE/Paraffin Block ,72,,
374 ,PGRPB059 ,KOH FOR FUNGUS ,310.00,₹ 372.00,MICROBIOLOGY ,SKIN SCRAP / Swab / Sputum ,8,,
375 ,BC0082 ,LACTATE ,700.00,₹ 840.00,BIOCHEMISTRY ,2 ml of PLASMA ,4,,
376 ,PGRPPBC0037 ,LACTATE DEHYDROGENASE ,650.00,₹ 780.00,BIOCHEMISTRY ,2 ml of SERUM ,4,,
377 ,HE0025,LAP (LEUCOCYTE ALKALINE PHOSPHATASE)  SCORE(REF) ,1750.00,"₹ 2,100.00",HEMATOLOGY ,3 ml of Whole Blood ,48,,
378 ,PBC0038 ,LDL - CHOLESTEROL ,415.00,₹ 498.00,BIOCHEMISTRY ,2 ml of SERUM ,4,,
379 ,LAB337 ,LDL.CHOL/HDL.CHOL RATIO ,560.00,₹ 672.00,BIOCHEMISTRY ,2 ml of SERUM ,4,,
380 ,LAB338 ,LE CELL DETECTION ,410.00,₹ 492.00,HEMATOLOGY ,3 ml of Whole Blood ,8,,
381 ,BC0254 ,LEAD ( BLOOD ) ,2070.00,"₹ 2,484.00",BIOCHEMISTRY ,3 ml of Whole Blood ,48,,
382 ,IMM0002 ,LEPTIN ,6160.00,"₹ 7,392.00",IMMUNOLOGY ,2 ml of SERUM ,168,,
383 ,SR0080 ,LEPTOSPIRA ANTIBODIES (IGM) ,760.00,₹ 912.00,SEROLOGY ,2 ml of SERUM ,4,,
384 ,PGRPB073 ,LEPTOSPIRA IGM + IGG ,1430.00,"₹ 1,716.00",SEROLOGY ,2 ml of SERUM ,4,,
385 ,SR0079 ,LEPTOSPIRAL ANTIBODIES (IGG) ,760.00,₹ 912.00,SEROLOGY ,2 ml of SERUM ,4,,
386 ,PGRPB0212,"LEUKEMIA DIAGNOSTIC PANEL: ACUTE  LEUKEMIA - T, B OR MYELOID",11330.00,"₹ 13,596.00",HEMATOLOGY ,Whole Blood ,48,,
387 ,PBC0077 ,LH - LUTENIZING HORMONE ,700.00,₹ 840.00,IMMUNOLOGY ,2 ml of SERUM ,4,,
388 ,PGRPPBC0039 ,LIPASE ,650.00,₹ 780.00,BIOCHEMISTRY ,2 ml of SERUM ,4,,
389 ,LAB342 ,LIPASE - BODY FLUID ,470.00,₹ 564.00,BIOCHEMISTRY ,Body Fluid ,4,,
390 ,PGRPB021 ,LIPID PROFILE ,700.00,₹ 840.00,BIOCHEMISTRY ,2 ml of SERUM ,4,,
391 ,LAB164 ,LIPOPROTEIN (A) ,700.00,₹ 840.00,BIOCHEMISTRY ,2 ml of SERUM ,8,,
392 ,BC0086 ,LITHIUM ,760.00,₹ 912.00,BIOCHEMISTRY ,2 ml of SERUM ,48,,
393 ,PGRPB012 ,LIVER FUNCTION TEST - LFT ,820.00,₹ 984.00,BIOCHEMISTRY ,3 ml of SERUM ,4,,
394 ,PGRP0920 ,LIVER KIDNEY MICROSOMES ANTIBODIES ,8385.00,"₹ 10,062.00",IMMUNOLOGY ,2 ml of SERUM ,120,,
395 ,Invalid_Lupus ,LUPUS ANTICOAGULANT ,2070.00,"₹ 2,484.00",IMMUNOLOGY ,2 ml of PLASMA ,48,,
396 ,PGRP0501,"LYME DISEASE (BORRELIA BURGDORFERI)  ANTIBODIES, IGG & IGM",5150.00,"₹ 6,180.00",SEROLOGY ,2 ml of SERUM ,120,,
397 ,PHEM0012 ,LYMPHOCYTES ,100.00,₹ 120.00,HEMATOLOGY ,3 ml of Whole Blood ,4,,
398 ,PBC0040 ,MAGNESIUM (MG) SERUM ,470.00,₹ 564.00,BIOCHEMISTRY ,2 ml of SERUM ,4,,
399 ,SR0258 ,MALARIAL PARASITE (QBC) ,700.00,₹ 840.00,HEMATOLOGY ,2 ml of Whole Blood ,4,,
400 ,LAB128 ,MALARIAL PARASITE RAPID ,470.00,₹ 564.00,HEMATOLOGY ,2 ml of Whole Blood ,4,,
401 ,BC0999 ,"MANGANESE, BLOOD ",3025.00,"₹ 3,630.00",BIOCHEMISTRY ,4 ml of Whole Blood ,120,,
402 ,PGRPB082 ,MANTOUX TEST ,190.00,₹ 228.00,SEROLOGY ,- ,48,,
403 ,PBC0094 ,MARIJUANA(THC) ,700.00,₹ 840.00,BIOCHEMISTRY ,URINE ,8,,
404 ,PHEM0005 ,MEAN CORPUSCULAR HEMOGLOBIN ,190.00,₹ 228.00,HEMATOLOGY ,3 ml of Whole Blood ,4,,
405 ,PHEM0006,MEAN CORPUSCULAR HEMOGLOBIN  CONCENTRATION,190.00,₹ 228.00,HEMATOLOGY ,4 ml of Whole Blood ,4,,
406 ,PHEM0004 ,MEAN CORPUSCULAR VOLUME ,190.00,₹ 228.00,HEMATOLOGY ,5 ml of Whole Blood ,4,,
407 ,LAB989 ,MEAN PLATELET VOLUME(MPV) ,190.00,₹ 228.00,HEMATOLOGY ,6 ml of Whole Blood ,4,,
408 ,SR0081 ,MEASLES ANTIBODIES (IGG) ,2335.00,"₹ 2,802.00",SEROLOGY ,2 ml of SERUM ,120,,
409 ,SR0082 ,MEASLES ANTIBODIES (IGM) ,2335.00,"₹ 2,802.00",SEROLOGY ,2 ml of SERUM ,120,,
410 ,BC0320 ,MERCURY - RANDOM URINE ,5030.00,"₹ 6,036.00",BIOCHEMISTRY ,URINE ,120,,
411 ,PGRPB089 ,METANEPHRINES - 24 HRS URINE ,4035.00,"₹ 4,842.00",BIOCHEMISTRY ,URINE ,120,,
412 ,PBC0095 ,METHADONE(MTD) ,1170.00,"₹ 1,404.00",BIOCHEMISTRY ,URINE ,6,,
413 ,BC0091 ,METHOTREXATE LEVEL ,3720.00,"₹ 4,464.00",IMMUNOLOGY ,2 ml of SERUM ,48,,
414 ,BC0319,METHYLMALONIC ACID ( QUANTITATIVE ) -  SERUM,3925.00,"₹ 4,710.00",BIOCHEMISTRY ,2 ml of SERUM ,168,,
415 ,PBC0042 ,MICROALBUMIN - URINE ,415.00,₹ 498.00,BIOCHEMISTRY,5ml of URINE ,4,,
416 ,PBC0041 ,MICROALBUMIN - 24 HRS URINE ,415.00,₹ 498.00,BIOCHEMISTRY ,URINE ,8,,
417 ,PGRPB008,MICROALBUMIN/ CREATININE RATIO (24 HRS  URINE) ,760.00,₹ 912.00,BIOCHEMISTRY ,URINE ,6,,
418 ,PGRPB009,MICROALBUMIN/CREATININE RATIO (RANDOM  URINE) ,760.00,₹ 912.00,BIOCHEMISTRY,5ml of URINE ,6,,
419 ,LAB504 ,"MITOCHONDRIAL ANTIBODY(AMA), IFA ",2225.00,"₹ 2,670.00",IMMUNOLOGY ,2 ml of SERUM ,96,,
420 ,LAB346,MTHFR (METHYLENETETRAHYDROFOLATE  REDUCTASE) GENE MUTATION QUALITATIVE ,5040.00,"₹ 6,048.00",BIOCHEMISTRY ,3 ml of Whole Blood ,120,,
421 ,SR0169 ,MUMPS IGG(SERUM) ,2335.00,"₹ 2,802.00",SEROLOGY ,2 ml of SERUM ,120,,
422 ,SR0170 ,MUMPS IGM (CSF) ,2335.00,"₹ 2,802.00",SEROLOGY,2ml of SERUM ,120,,
423 ,PGRPB0207 ,MUSK (MUSCLE SPECIFIC KINASE) ANTIBODY ,9600.00,"₹ 11,520.00",IMMUNOLOGY ,2 ml of SERUM ,168,,
424 ,LAB347_0 ,MYCOBACTERIUM TB GENE EXPERT ,3090.00,"₹ 3,708.00",Molecular Biology ,Tissue / Any Fluide in Normal  Saline ,12,,
425 ,LAB349 ,NASAL SMEAR FOR EOSINOPHILS ,250.00,₹ 300.00,HEMATOLOGY ,smear ,4,,
426 ,LAB956 ,NEUTROPHILS LYMPHOCYTES RATIO ,190.00,₹ 228.00,HEMATOLOGY ,3 ml of Whole Blood ,4,,
427 ,PGRPB0500 ,NOR-METANEPHRINE - 24 HRS URINE ,4040.00,"₹ 4,848.00",IMMUNOLOGY ,5ml of URINE ,96,,
428 ,BC0095 ,NTPROBNP (B-TYPE NATRIURETIC PEPTIDE) ,3720.00,"₹ 4,464.00",BIOCHEMISTRY ,2 ml of PLASMA ,4,,
429 ,LAB476,OPERATION THEATRE SWABS ANAEROBIC (2  SAMPLE) ,500.00,₹ 600.00,MICROBIOLOGY ,SWAB ,48,,
430 ,PGRPB075 ,ORAL GLUCOSE CHALLENGE TEST (OGCT-50G) ,190.00,₹ 228.00,BIOCHEMISTRY ,2 ml of PLASMA ,4,,
431 ,PGRP031 ,ORAL GLUCOSE CHALLENGE TEST (OGCT-100G) ,190.00,₹ 228.00,BIOCHEMISTRY ,2 ml of PLASMA ,4,,
432 ,PGRPB031 ,ORAL GLUCOSE CHALLENGE TEST (OGCT-75G) ,190.00,₹ 228.00,BIOCHEMISTRY ,2 ml of PLASMA ,4,,
433 ,LAB356 ,OSMOLALITY - SERUM ,600.00,₹ 720.00,BIOCHEMISTRY ,2 ml of SERUM ,12,,
434 ,LAB481 ,OT - AIR SAMPLING - OPEN PLATE TEST ,340.00,₹ 408.00,MICROBIOLOGY ,SWAB ,48,,
435 ,PGRPB032 ,OXALATE - 24 HRS URINE ,3235.00,"₹ 3,882.00",BIOCHEMISTRY ,URINE ,96,,
436 ,LAB721,P1NP (PROCOLLAGEN TYPE 1 AMINO TERMINAL  PROPEPTIDE) TOTAL ,2915.00,"₹ 3,498.00",BIOCHEMISTRY ,2 ml of SERUM ,120,,
437 ,LAB044 ,PAP SMEAR (CONVENTIONAL METHOD)  ,920.00,"₹ 1,104.00",CYTOLOGY ,Fixed glass slides ,8,,
438 ,LAB043 ,PAP SMEAR LBC METHOD  ,1170.00,"₹ 1,404.00",CYTOLOGY ,Fixed glass slides ,48,,
439 ,BC0310 ,PAPP - A ,1855.00,"₹ 2,226.00",IMMUNOLOGY ,2 ml of SERUM ,12,,
440 ,PGRPB240,PAROXYSMAL NOCTURNAL HEAMOGLOBINURIA  (PNH) ,9120.00,"₹ 10,944.00",IMMUNOLOGY ,3 ml of Whole Blood ,72,,
441 ,PHEM0028 ,PERIPHERAL SMEAR ,200.00,₹ 240.00,HEMATOLOGY ,3 ml of Whole Blood ,4,,
442 ,PBC0098 ,PHENCYCLIDINE(PCP) ,1170.00,"₹ 1,404.00",BIOCHEMISTRY ,URINE ,6,,
443 ,LAB362 ,PHENOBARBITONE ,1750.00,"₹ 2,100.00",BIOCHEMISTRY ,2 ml of SERUM ,120,,
444 ,LAB-411 ,PHENYLKETONUREA URINE SPOT ,920.00,"₹ 1,104.00",CLINICAL PATHOLOGY ,URINE ,96,,
445 ,BC0103 ,PHENYTOIN LEVEL ,2815.00,"₹ 3,378.00",BIOCHEMISTRY ,2 ml of SERUM ,48,,
446 ,PGRPB502 ,PHOSPHOROUS - 24 HOURS URINE ,590.00,₹ 708.00,BIOCHEMISTRY ,URINE ,8,,
447 ,PBC0043 ,PHOSPHOROUS - SERUM ,200.00,₹ 240.00,BIOCHEMISTRY ,2 ml of SERUM ,4,,
448 ,LAB363 ,PHOSPHORUS - URINE ,250.00,₹ 300.00,BIOCHEMISTRY ,URINE ,4,,
449 ,LABIM01 ,PLACENTAL GROWTH FACTOR (PIGF) ,6740.00,"₹ 8,088.00",IMMUNOLOGY ,2 ml of SERUM ,96,,
450 ,LAB0598 ,PLASMA METANEPHRINE ,5480.00,"₹ 6,576.00",BIOCHEMISTRY ,2 ml of SERUM ,168,,
451 ,BC0107 ,PLASMA RENIN ACTIVITY ,7715.00,"₹ 9,258.00",BIOCHEMISTRY ,2 ml of PLASMA ,120,,
452 ,PHEM0008 ,PLATELET COUNT ,190.00,₹ 228.00,HEMATOLOGY ,3 ml of Whole Blood ,4,,
453 ,LAB514 ,PLEURAL FLUID ADA ,360.00,₹ 432.00,BIOCHEMISTRY ,PLEURAL FLUID ,8,,
454 ,LAB988 ,PORPHOBILINOGE ( PBG ) ,6790.00,"₹ 8,148.00",CLINICAL PATHOLOGY ,URINE ,168,,
455 ,LAB133 ,POST DINNER GLUCOSE ,80.00,₹ 96.00,BIOCHEMISTRY ,2 ml of PLASMA ,4,,
456 ,LAB131 ,POST LUNCH GLUCOSE ,80.00,₹ 96.00,BIOCHEMISTRY ,2 ml of PLASMA ,4,,
457 ,PBC0044 ,POSTPRANDIAL GLUCOSE - PPBS ,80.00,₹ 96.00,BIOCHEMISTRY ,2 ml of PLASMA ,4,,
458 ,LAB506 ,POTASSIUM - 24 HRS URINE ,600.00,₹ 720.00,BIOCHEMISTRY ,URINE ,4,,
459 ,PBC0045 ,POTASSIUM (K+)- SERUM ,200.00,₹ 240.00,BIOCHEMISTRY ,2 ml of SERUM ,4,,
460 ,PBC0099 ,POTASSIUM (K+)- URINE ,250.00,₹ 300.00,BIOCHEMISTRY ,URINE ,4,,
461 ,PGRPB086 ,PPBS WITH CORRESPONDING URINE SUGAR ,100.00,₹ 120.00,BIOCHEMISTRY ,2 ml of Plasma & 5ml of Urine ,4,,
462 ,LAB132 ,PRE DINNER GLUCOSE ,80.00,₹ 96.00,Biochemistry ,2ml of SERUM/2ML OF  PLASMA,4,,
463 ,LAB130 ,PRE LUNCH GLUCOSE ,80.00,₹ 96.00,Biochemistry ,2ml of SERUM/2ML OF  PLASMA,4,,
464 ,LAB364 ,PROCALCITONIN (PCT) ,3130.00,"₹ 3,756.00",IMMUNOLOGY ,2 ml of SERUM ,12,,
465 ,PBC0078 ,PROGESTERONE - SERUM ,930.00,"₹ 1,116.00",IMMUNOLOGY ,2 ml of SERUM ,4,,
466 ,PBC0079 ,PROLACTIN ,650.00,₹ 780.00,IMMUNOLOGY ,2 ml of SERUM ,4,,
467 ,PBC0102 ,PROLACTIN(POOLED SAMPLES) ,1430.00,"₹ 1,716.00",IMMUNOLOGY ,2 ml of SERUM ,4,,
468 ,PGRPB091_10 ,PROPOXYPHENE 10 ,1330.00,"₹ 1,596.00",BIOCHEMISTRY ,URINE ,96,,
469 ,PBC0047-G ,PROTEIN - 24 HRS URINE ,470.00,₹ 564.00,BIOCHEMISTRY ,URINE ,8,,
470 ,LAB367 ,PROTEIN - CSF ,150.00,₹ 180.00,BIOCHEMISTRY ,CSF ,4,,
471 ,LAB368 ,PROTEIN - PLEURAL FLUID ,150.00,₹ 180.00,BIOCHEMISTRY ,PLEURAL FLUID ,4,,
472 ,PBC0048 ,PROTEIN - SERUM ,150.00,₹ 180.00,BIOCHEMISTRY ,2 ml of SERUM ,4,,
473 ,LAB369 ,PROTEIN C ANTIGEN ,5150.00,"₹ 6,180.00",HEMATOLOGY ,2 ml of PLASMA ,168,,
474 ,BCPCR ,PROTEIN CREATININE RATIO - RANDOM URINE ,530.00,₹ 636.00,BIOCHEMISTRY ,URINE ,4,,
475 ,PGRP108 ,PROTEIN ELECTROPHORESIS ,1040.00,"₹ 1,248.00",BIOCHEMISTRY ,2 ml of SERUM ,72,,
476 ,LAB450 ,PROTEIN S ANTIGEN ,5150.00,"₹ 6,180.00",HEMATOLOGY ,2 ml of PLASMA ,168,,
477 ,PGRPB010 ,PROTEIN/CREATININE RATIO - 24 HRS URINE ,760.00,₹ 912.00,BIOCHEMISTRY ,URINE ,6,,
478 ,PGRPB011 ,PROTEIN/CREATININE RATIO -URINE ,760.00,₹ 912.00,BIOCHEMISTRY ,URINE ,6,,
479 ,LAB604 ,PROTHROMBIN GENE MUTATION ANALYSIS ,8700.00,"₹ 10,440.00",HEMATOLOGY ,3 ml of Whole Blood ,96,,
480 ,PBC0080 ,PSA - PROSTATE SPECIFIC ANTIGEN(TOTAL) ,1170.00,"₹ 1,404.00",IMMUNOLOGY ,2 ml of SERUM ,4,,
481 ,Lab470 ,PSEUDO CHOLINE ESTERASE ,1750.00,"₹ 2,100.00",BIOCHEMISTRY ,2 ml of SERUM ,4,,
482 ,PGRP007 ,PT - PROTHROMBIN TIME ,470.00,₹ 564.00,HEMATOLOGY,Plasma - Until the Specified  Mark ,4,,
483 ,BC0101 ,PTH - PARATHYROID HORMONE ,1970.00,"₹ 2,364.00",BIOCHEMISTRY ,2 ml of SERUM ,12,,
484 ,LAB203_2 ,PUS AFB ,190.00,₹ 228.00,MICROBIOLOGY ,PUS ,8,,
485 ,LAB203_1 ,PUS GRAM STAIN ,190.00,₹ 228.00,MICROBIOLOGY ,PUS ,8,,
486 ,PGRPB039 ,QUADRUPLE MARKER ,4935.00,"₹ 5,922.00",BIOCHEMISTRY ,2 ml of SERUM ,24,,
487 ,PGRPB503,QUANTIFERON TB GOLD / GAMMA INTERFERON  FOR TB,5150.00,"₹ 6,180.00",SEROLOGY ,3 ml of Whole Blood ,48,,
488 ,PBC0081 ,RA FACTOR ,530.00,₹ 636.00,SEROLOGY ,2 ml of SERUM ,4,,
489 ,PBC0049 ,RANDOM GLUCOSE ,80.00,₹ 96.00,BIOCHEMISTRY ,2 ml of fluoride plasma ,4,,
490 ,PGRPB034 ,RAPID PLASMA REAGIN (RPR) / VDRL ,470.00,₹ 564.00,SEROLOGY ,2 ml of SERUM ,4,,
491 ,HE0037 ,RBC COUNT ,100.00,₹ 120.00,HEMATOLOGY ,3 ml of Whole Blood ,4,,
492 ,PHEM0007 ,RED CELL DISTRIBUTION WIDTH ,100.00,₹ 120.00,HEMATOLOGY ,3 ml of Whole Blood ,4,,
493 ,LAB468 ,RED CELL FOLATE ,1430.00,"₹ 1,716.00",BIOCHEMISTRY ,3 ml of Whole Blood ,120,,
494 ,PGRPB200 ,RENAL / KIDNEY FUNCTION TEST - RFT / KFT ,760.00,₹ 912.00,BIOCHEMISTRY ,2 ml of SERUM ,6,,
495 ,PHEM0017 ,RETICULOCYTE COUNT ,250.00,₹ 300.00,HEMATOLOGY ,2 ml of Whole Blood ,6,,
496 ,PHEM0019 ,RH TYPING ,190.00,₹ 228.00,HEMATOLOGY ,3 ml of Whole Blood ,4,,
497 ,PGRPB050 ,RUBELLA-(IGG & IGM) ,1970.00,"₹ 2,364.00",SEROLOGY ,2 ml of SERUM ,48,,
498 ,PGRPB211 ,SCLERODERMA PANEL ,7310.00,"₹ 8,772.00",IMMUNOLOGY ,2 ml of SERUM/ PLASMA ,72,,
499 ,LAB003 ,SELENIUM ,6300.00,"₹ 7,560.00",BIOCHEMISTRY ,3 ml of Whole Blood ,120,,
500 ,PGRP006 ,SEMEN ANALYSIS ,750.00,₹ 900.00,CLINICAL PATHOLOGY ,Semen ,4,,
501 ,BC0119 ,SEROTONIN ,2915.00,"₹ 3,498.00",IMMUNOLOGY ,2 ml of SERUM ,120,,
502 ,LAB603 ,SERUM SPECIFIC IGE ,10200.00,"₹ 12,240.00",BIOCHEMISTRY ,2 ml of SERUM ,12,,
503 ,LAB002 ,SEX HORMONE BINDING GLOBULIN ,1430.00,"₹ 1,716.00",IMMUNOLOGY ,2 ml of SERUM ,4,,
504 ,PBC0006 ,SGOT / AST - ASPARTATE AMINOTRANSFERASE ,150.00,₹ 180.00,BIOCHEMISTRY ,2 ml of SERUM ,4,,
505 ,HE0039 ,"SICKLING,SCREENING TEST ",310.00,₹ 372.00,HEMATOLOGY ,3 ml of Whole Blood ,12,,
506 ,LAB987 ,SIROLIMUS(RAPAMYCIN) ,6790.00,"₹ 8,148.00",BIOCHEMISTRY ,3 ml of Whole Blood ,72,,
507 ,LAB377 ,SLIDE REVIEW (FOR SECOND OPINION) ,1170.00,"₹ 1,404.00",HISTOPATHOLOGY ,slide box ,24,,
508 ,LAB1001 ,SMEAR FOR GONOCOCCI ,250.00,₹ 300.00,MICROBIOLOGY ,smear ,8,,
509 ,PHEM0029 ,SMEAR FOR MALARIAL PARASITE ,250.00,₹ 300.00,HEMATOLOGY ,2 ml of Whole Blood ,4,,
510 ,PHEM0030 ,SMEAR FOR MICROFILARIA ,250.00,₹ 300.00,HEMATOLOGY ,3 ml of Whole Blood ,4,,
511 ,LAb990 ,SMITH ANTIBODY ( ANTI SM ) ,1800.00,"₹ 2,160.00",MICROBIOLOGY ,2 ml of SERUM ,12,,
512 ,BC0265 ,SODIUM - 24 HRS URINE ,250.00,₹ 300.00,BIOCHEMISTRY ,URINE ,4,,
513 ,LAB380 ,SODIUM (NA+) - BODY FLUID ,250.00,₹ 300.00,BIOCHEMISTRY ,Body Fluid ,4,,
514 ,LAB381 ,SODIUM (NA+) - CSF ,220.00,₹ 264.00,BIOCHEMISTRY ,CSF ,4,,
515 ,PBC0051 ,SODIUM (NA+) - SERUM ,220.00,₹ 264.00,BIOCHEMISTRY ,2 ml of SERUM ,4,,
516 ,PBC0052 ,SODIUM (NA+) - URINE ,250.00,₹ 300.00,BIOCHEMISTRY ,URINE ,4,,
517 ,LAB0711 ,SODIUM VALPROIC ACID ( VALPROATE ) ,1430.00,"₹ 1,716.00",BIOCHEMISTRY ,2 ml of SERUM ,48,,
518 ,PGRPB033 ,SODIUM(NA+) & POTTASIUM(K+)- SERUM ,360.00,₹ 432.00,BIOCHEMISTRY ,2 ml of SERUM ,4,,
519 ,LAB382 ,SPECIFIC GRAVITY ,60.00,₹ 72.00,CLINICAL PATHOLOGY ,URINE ,4,,
520 ,LAB121 ,SPUTUM AFB ,190.00,₹ 228.00,MICROBIOLOGY ,Sputum ,6,,
521 ,LAB152 ,SPUTUM GRAM'S ,190.00,₹ 228.00,MICROBIOLOGY ,SPUTUM ,8,,
522 ,PGRPB0214 ,SS-A/RO ANTIBODY ,1800.00,"₹ 2,160.00",IMMUNOLOGY ,2 ml of SERUM ,12,,
523 ,LAB384 ,STONE ANALYSIS / CALCULUS STUDY ,2340.00,"₹ 2,808.00",IMMUNOLOGY ,Bladder/Kidney/Renal stone ,168,,
524 ,PGRP005 ,STOOL COMPLETE ANALYSIS / STOOL ROUTINE ,250.00,₹ 300.00,CLINICAL PATHOLOGY ,Stool ,4,,
525 ,PCP0031_1 ,STOOL EXAMINATION FOR TROPHOZOITES ,250.00,₹ 300.00,CLINICAL PATHOLOGY ,5g of Stool ,4,,
526 ,PGRPM01 ,STOOL FOR CLOSTRIDIUM DIFFICILE ,2915.00,"₹ 3,498.00",CLINICAL PATHOLOGY ,5g of Stool ,168,,
527 ,LAB385 ,STOOL HANGING DROP ,250.00,₹ 300.00,CLINICAL PATHOLOGY ,5g of Stool ,4,,
528 ,PCP0025 ,STOOL OCCULT BLOOD ,200.00,₹ 240.00,CLINICAL PATHOLOGY ,5g of Stool ,4,,
529 ,PCP0026 ,STOOL REDUCING SUBSTANCE ,160.00,₹ 192.00,CLINICAL PATHOLOGY ,5g of Stool ,4,,
530 ,Test2 ,SWAB CULTURE AND SENSITIVITY (MANUAL) ,760.00,₹ 912.00,MICROBIOLOGY ,vaginal swab ,96,,
531 ,PBC0082 ,T3 - TOTAL (SERUM) ,260.00,₹ 312.00,IMMUNOLOGY ,2 ml of SERUM ,4,,
532 ,PBC0083 ,T4 - TOTAL (SERUM) ,320.00,₹ 384.00,IMMUNOLOGY ,2 ml of SERUM ,4,,
533 ,BC0166 ,TACROLIMUS ,4830.00,"₹ 5,796.00",BIOCHEMISTRY ,3 ml of Whole Blood ,72,,
534 ,LAB386 ,TB - PCR ,3480.00,"₹ 4,176.00",SEROLOGY,Tissue / Any fluid in normal  Saline ,12,,
535 ,PGRPB026 ,TC DC ,190.00,₹ 228.00,HEMATOLOGY ,3 ml of Whole Blood ,4,,
536 ,PGRPB027 ,TC DC ESR ,190.00,₹ 228.00,HEMATOLOGY ,3 ml of Whole Blood ,4,,
537 ,PGRPB028 ,TC DC ESR & AEC ,250.00,₹ 300.00,HEMATOLOGY ,3 ml of Whole Blood ,4,,
538 ,PBC0084 ,TESTOSTERONE - TOTAL (SERUM) ,1170.00,"₹ 1,404.00",IMMUNOLOGY ,2 ml of SERUM ,4,,
539 ,BC0199 ,TESTOSTERONE FREE ,1430.00,"₹ 1,716.00",IMMUNOLOGY ,2 ml of SERUM ,12,,
540 ,PGRPB069 ,TESTOSTERONE PANEL ,3925.00,"₹ 4,710.00",IMMUNOLOGY ,2 ml of SERUM ,12,,
541 ,PGRPB014 ,TFT - THYROID FUNCTION TEST ,700.00,₹ 840.00,IMMUNOLOGY ,2 ml of SERUM ,4,,
542 ,LAB451 ,THYROGLOBULIN(TG)-SERUM ,1330.00,"₹ 1,596.00",IMMUNOLOGY ,2 ml of SERUM ,48,,
543 ,PGRPB070 ,THYROID ANTIBODY TESTS(ATG & AMA OR TPO) ,2815.00,"₹ 3,378.00",BIOCHEMISTRY ,2 ml of SERUM ,48,,
544 ,LAB0620 ,THYROXINE BINDING GLOBULIN ,9280.00,"₹ 11,136.00",IMMUNOLOGY ,2 ml of SERUM ,120,,
545 ,BC0080_2 ,TIBC-TOTAL IRON BINDING CAPACITY ,650.00,₹ 780.00,BIOCHEMISTRY ,2 ml of SERUM ,4,,
546 ,LAB389,"TISSUE TRANSGLUTAMINASE (TTG) ANTIBODY,  IGA",1750.00,"₹ 2,100.00",IMMUNOLOGY ,2 ml of SERUM ,120,,
547 ,LAB509,"TISSUE TRANSGLUTAMINASE (TTG) ANTIBODY,  IGG",1750.00,"₹ 2,100.00",IMMUNOLOGY ,2 ml of SERUM ,120,,
548 ,LAB390 ,TISSUE TRANSGLUTAMINASE (TTG) IGG & IGA ,5675.00,"₹ 6,810.00",BIOCHEMISTRY ,2 ml of SERUM ,120,,
549 ,SR0084 ,TISSUE TRANSGLUTAMINASE TTG ,1430.00,"₹ 1,716.00",BIOCHEMISTRY ,2 ml of SERUM ,120,,
550 ,LAB419 ,TISSUE TRANSGLUTAMINASE TTG-DGP SCREEN ,2600.00,"₹ 3,120.00",IMMUNOLOGY ,2 ml of SERUM ,120,,
551 ,PGRPB071_1 ,TORCH PANEL IGG SERUM ,3555.00,"₹ 4,266.00",SEROLOGY ,2 ml of SERUM ,96,,
552 ,PGRPB224 ,TORCH PANEL IGM SERUM ,2915.00,"₹ 3,498.00",SEROLOGY ,2 ml of SERUM ,96,,
553 ,PGRPB071 ,TORCH PROFILE ,5675.00,"₹ 6,810.00",SEROLOGY ,2 ml of SERUM ,96,,
554 ,LAB391 ,TOTAL BILIRUBIN ,200.00,₹ 240.00,BIOCHEMISTRY ,2 ml of SERUM ,4,,
555 ,PGRPB001,"TOTAL BILIRUBIN, DIRECT BILIRUBIN & INDIRECT  BILIRUBIN",380.00,₹ 456.00,BIOCHEMISTRY ,2 ml of SERUM ,4,,
556 ,PHEM0009 ,TOTAL COUNT ,190.00,₹ 228.00,HEMATOLOGY ,3 ml of Whole Blood ,4,,
557 ,SR0085 ,TOXOPLASMA IGG ,920.00,"₹ 1,104.00",SEROLOGY ,2 ml of SERUM ,12,,
558 ,SR0086 ,TOXOPLASMA IGM ,1170.00,"₹ 1,404.00",SEROLOGY ,2 ml of SERUM ,12,,
559 ,PGRP938,TPMT (THIOPURINE METHYL TRANSFERASE)  GENOTYPING,7375.00,"₹ 8,850.00",IMMUNOLOGY ,4 ml of Whole Blood ,288,,
560 ,BC0017,TPO (THYROID PEROXIDASE) ANTIBODY (AMA)  MICROSOMAL ANTIBODY SERUM ,1860.00,"₹ 2,232.00",IMMUNOLOGY ,2 ml of SERUM ,6,,
561 ,BC0202 ,TRANSFERRIN - SERUM ,1110.00,"₹ 1,332.00",BIOCHEMISTRY ,2 ml of SERUM ,12,,
562 ,HE0088 ,TREPONEMA HEMAGGLUTINATION TEST (TPHA) ,1540.00,"₹ 1,848.00",SEROLOGY ,2 ml of SERUM ,24,,
563 ,PBC0054 ,TRIGLYCERIDES (TGL) ,250.00,₹ 300.00,BIOCHEMISTRY ,2 ml of SERUM ,4,,
564 ,LAB610 ,TRIGLYCERIDES-FLUID ,530.00,₹ 636.00,BIOCHEMISTRY ,2 ml of SERUM ,4,,
565 ,PGRPB072 ,TRIPLE MARKER - SECOND TRIMESTER ,4830.00,"₹ 5,796.00",BIOCHEMISTRY ,2 ml of SERUM ,12,,
566 ,PBC0085 ,TROPONIN - T ,1750.00,"₹ 2,100.00",BIOCHEMISTRY ,2 ml of SERUM ,4,,
567 ,PBC0086 ,TROPONIN I ,1480.00,"₹ 1,776.00",BIOCHEMISTRY ,2 ml of SERUM ,4,,
568 ,LAB159 ,TSH RECEPTOR ANTIBODIES ,5150.00,"₹ 6,180.00",IMMUNOLOGY ,2 ml of SERUM ,96,,
569 ,LAB516 ,"TSH ULTRASENSITIVE, CORD BLOOD ",590.00,₹ 708.00,IMMUNOLOGY ,2 ml of SERUM ,4,,
570 ,PBC0087 ,TSH-THYROID STIMULATING HORMONE ,320.00,₹ 384.00,IMMUNOLOGY ,2 ml of SERUM ,4,,
571 ,PGRPB051 ,TYPHOID (RAPID) ,470.00,₹ 564.00,SEROLOGY ,3 ml of Whole Blood ,4,,
572 ,BC0239 ,UNBOUND IRON BINDING CAPACITY (UIBC) ,650.00,₹ 780.00,BIOCHEMISTRY ,2 ml of SERUM ,4,,
573 ,PBC0055 ,UREA - SERUM ,150.00,₹ 180.00,BIOCHEMISTRY ,2 ml of SERUM ,4,,
574 ,PGRBC0210 ,UREA CREATININE RATIO ,270.00,₹ 324.00,BIOCHEMISTRY ,URINE ,4,,
575 ,LAB505 ,URIC ACID - 24 HRS URINE ,590.00,₹ 708.00,BIOCHEMISTRY ,URINE ,4,,
576 ,LAB394 ,URIC ACID - RANDOM URINE ,150.00,₹ 180.00,CLINICAL PATHOLOGY ,URINE ,4,,
577 ,PBC0056 ,URIC ACID - SERUM ,150.00,₹ 180.00,BIOCHEMISTRY ,2 ml of SERUM ,4,,
578 ,PGRPBC01 ,URINARY CORTISOL - 24 HRS ,1645.00,"₹ 1,974.00",BIOCHEMISTRY ,URINE ,24,,
579 ,LAB203_3 ,URINE - GRAM STAIN ,190.00,₹ 228.00,MICROBIOLOGY ,URINE smear ,6,,
580 ,LAB395 ,URINE ALBUMIN(QUANTITATIVE) ,140.00,₹ 168.00,BIOCHEMISTRY ,URINE ,4,,
581 ,BC0152,URINE BENCE JONES PROTEINS  (ELECTROPHORESIS) ,360.00,₹ 432.00,CLINICAL PATHOLOGY ,URINE ,4,,
582 ,PCP0011 ,URINE BILIRUBIN ,200.00,₹ 240.00,CLINICAL PATHOLOGY,5ml of URINE ,4,,
583 ,LAB396 ,URINE CALCIUM - SPOT SAMPLE ,360.00,₹ 432.00,BIOCHEMISTRY ,URINE ,4,,
584 ,PGRPB01 ,URINE CALCIUM CREATININE RATIO ,820.00,₹ 984.00,BIOCHEMISTRY ,URINE ,6,,
585 ,PGRP004 ,URINE COMPLETE ANALYSIS / URINE ROUTINE ,190.00,₹ 228.00,CLINICAL PATHOLOGY ,5ml of Urine ,4,,
586 ,BC0210 ,URINE CREATININE ,415.00,₹ 498.00,BIOCHEMISTRY ,URINE ,8,,
587 ,LAB150 ,URINE CYTOLOGY ,399.00,₹ 478.80,CLINICAL PATHOLOGY,5ml of URINE ,8,,
588 ,PGRPB106 ,URINE DIPSTICK ,160.00,₹ 192.00,CLINICAL PATHOLOGY,5ml of URINE ,4,,
589 ,LAB397 ,URINE FOR ALBUMIN ,70.00,₹ 84.00,CLINICAL PATHOLOGY,5ml of URINE ,4,,
590 ,PGRPB036 ,URINE FOR ALBUMIN & SUGAR ,80.00,₹ 96.00,CLINICAL PATHOLOGY,5ml of URINE ,4,,
591 ,PGRPB079 ,URINE FOR BILE SALT / BILE PIGMENT ,90.00,₹ 108.00,CLINICAL PATHOLOGY,5ml of URINE ,4,,
592 ,LAB484 ,URINE FOR FAT GLOBULES ,190.00,₹ 228.00,CLINICAL PATHOLOGY,5ml of URINE ,4,,
593 ,LAB399 ,URINE FOR MORPHINE ,590.00,₹ 708.00,BIOCHEMISTRY ,URINE ,4,,
594 ,SR0184 ,URINE FOR MYOGLOBULIN ,620.00,₹ 744.00,BIOCHEMISTRY ,URINE ,4,,
595 ,LAB400 ,URINE FOR PHASE CONTRAST ,360.00,₹ 432.00,CLINICAL PATHOLOGY ,URINE ,12,,
596 ,PCP0009 ,URINE LEUCOCYTES ,140.00,₹ 168.00,CLINICAL PATHOLOGY ,URINE ,4,,
597 ,LAB401 ,URINE MAGNESIUM - SPOT SAMPLE ,415.00,₹ 498.00,BIOCHEMISTRY ,URINE ,4,,
598 ,BC0156 ,URINE OSMOLALITY ,600.00,₹ 720.00,BIOCHEMISTRY ,URINE ,4,,
599 ,SR0094 ,URINE PREGNANCY TEST - UPT ,190.00,₹ 228.00,CLINICAL PATHOLOGY ,5ml of Urine ,2,,
600 ,PBC0058 ,URINE PROTEIN ,310.00,₹ 372.00,BIOCHEMISTRY ,URINE ,4,,
601 ,PGRP902 ,URINE THC ,700.00,₹ 840.00,CLINICAL PATHOLOGY ,URINE ,4,,
602 ,BC0158 ,VALPROIC ACID; VALPROATE ,1800.00,"₹ 2,160.00",BIOCHEMISTRY ,2 ml of SERUM ,48,,
603 ,SR0051,"VARICELLA ZOSTER VIRUS (VZV) ANTIBODY, IGG ( CHICKEN POX / HERPES ZOSTER/ SHINGLES) ",2340.00,"₹ 2,808.00",SEROLOGY ,2 ml of SERUM ,168,,
604 ,SR0050,"VARICELLA ZOSTER VIRUS (VZV) ANTIBODY, IGM  ( CHICKEN POX / HERPES ZOSTER/ SHINGLES) ",2340.00,"₹ 2,808.00",SEROLOGY ,2 ml of SERUM ,168,,
605 ,HE0085_2 ,VDRL /RPR TITRE ,700.00,₹ 840.00,SEROLOGY ,2 ml of SERUM ,12,,
606 ,LAB068 ,VITAMIN A (RETINOL) ,9280.00,"₹ 11,136.00",BIOCHEMISTRY ,2 ml of SERUM ,240,,
607 ,BC0159 ,VITAMIN B1 (THIAMINE) ,5150.00,"₹ 6,180.00",BIOCHEMISTRY ,3 ml of Whole Blood ,240,,
608 ,PBC0088 ,VITAMIN B12 (CYANOCOBALAMIN) ,1540.00,"₹ 1,848.00",IMMUNOLOGY ,2 ml of SERUM ,4,,
609 ,LAB467 ,VITAMIN B2 (RIBOFLAVIN) ,4720.00,"₹ 5,664.00",IMMUNOLOGY ,3 ml of Whole Blood ,240,,
610 ,BC0161 ,VITAMIN B6 (PYRIDOXINE) ,6180.00,"₹ 7,416.00",BIOCHEMISTRY ,3 ml of Whole Blood ,240,,
611 ,BC0063 ,VITAMIN B9 (FOLIC ACID / FOLATE) ,1540.00,"₹ 1,848.00",BIOCHEMISTRY ,2 ml of SERUM ,4,,
612 ,LAB066_1 ,VITAMIN C (ASCORBIC ACID) ,5941.00,"₹ 7,129.20",BIOCHEMISTRY ,2 ml of SERUM ,672,,
613 ,PBC0089 ,VITAMIN D (25 OH CHOLECALCIFEROL) ,2225.00,"₹ 2,670.00",IMMUNOLOGY ,2 ml of SERUM ,4,,
614 ,BC0207_1 ,VITAMIN D1- 25 DIHYDROXY ,4030.00,"₹ 4,836.00",IMMUNOLOGY ,2 ml of SERUM ,120,,
615 ,BC0207,VITAMIN D3 (1-25 DIHYDROXY  CHOLECALCIFEROL) ,5470.00,"₹ 6,564.00",IMMUNOLOGY ,2 ml of SERUM ,120,,
616 ,LAB417 ,VITAMIN E TOCOPHEROL ,6790.00,"₹ 8,148.00",BIOCHEMISTRY ,2 ml of SERUM ,240,,
617 ,VITK_1 ,VITAMIN K1 ,6260.00,"₹ 7,512.00",IMMUNOLOGY ,2 ml of SERUM ,624,,1
618 ,PBC0059 ,VLDL ,470.00,₹ 564.00,BIOCHEMISTRY ,2 ml of SERUM ,4,,
619 ,PGRPB111 ,VMA - URINE 24 HRS ,2915.00,"₹ 3,498.00",BIOCHEMISTRY ,5ml of URINE ,96,,
620 ,HE0041 ,VW (VON WILLEBRAND) FACTOR(REF) ,15680.00,"₹ 18,816.00",HEMATOLOGY ,3 ml of Whole Blood ,72,,
621 ,PGRPB052 ,WEIL-FELIX TEST ,990.00,"₹ 1,188.00",SEROLOGY ,2 ml of SERUM ,24,,
622 ,PGRPB060 ,WET MOUNT PREPARATION ,190.00,₹ 228.00,CLINICAL PATHOLOGY ,Body Fluid ,4,,
623 ,PGRPB054 ,WIDAL TEST (TUBE METHOD) ,590.00,₹ 708.00,SEROLOGY ,2 ml of SERUM ,24,,
624 ,PGRPB055 ,WIDAL TEST(SLIDE METHOD) ,310.00,₹ 372.00,SEROLOGY ,2 ml of SERUM ,8,,
625 ,BC0279 ,ZINC - PLASMA ,2070.00,"₹ 2,484.00",IMMUNOLOGY ,2 ml of SERUM ,24,,
